Chromosome	Start	Stop	Reference	Variant	Transcript	Transcript Support Level	Transcript Length	Biotype	Ensembl Gene ID	Variant Type	Mutation	Protein Position	Gene Name	HGVSc	HGVSp	HLA Allele	Peptide Length	Sub-peptide Position	Mutation Position	MT Epitope Seq	WT Epitope Seq	Best MT IC50 Score Method	Best MT IC50 Score	Corresponding WT IC50 Score	Corresponding Fold Change	Best MT Percentile Method	Best MT Percentile	Corresponding WT Percentile	Tumor DNA Depth	Tumor DNA VAF	Tumor RNA Depth	Tumor RNA VAF	Normal Depth	Normal VAF	Gene Expression	Transcript Expression	Median MT IC50 Score	Median WT IC50 Score	Median Fold Change	Median MT Percentile	Median WT Percentile	NetMHCpan WT IC50 Score	NetMHCpan MT IC50 Score	NetMHCpan WT Percentile	NetMHCpan MT Percentile	Index	cterm_7mer_gravy_score	max_7mer_gravy_score	difficult_n_terminal_residue	c_terminal_cysteine	c_terminal_proline	cysteine_count	n_terminal_asparagine	aspartate_proline_bond_count
chr3	24123064	24123065	G	A	ENST00000356447	1	461	protein_coding	ENSG00000151090	missense	A/V	402	THRB	ENST00000356447.9:c.1205C>T	ENSP00000348827.4:p.Ala402Val	HLA-A*02:01	9	6	4	FLLVFEHYI	FLLAFEHYI	NetMHCpan	2.93	1.95	0.666	NetMHCpan	0.02	0.01	139	0.353	NA	NA	177	NA	NA	NA	2.93	1.95	0.666	0.02	0.01	1.95	2.93	0.01	0.02	438.THRB.ENST00000356447.missense.402A/V	1.042857142857143	1.5285714285714285	False	False	False	0	False	0
chr3	46265393	46265394	C	T	ENST00000545097	1	376	protein_coding	ENSG00000183625	missense	S/L	100	CCR3	ENST00000545097.1:c.299C>T	ENSP00000441600.1:p.Ser100Leu	HLA-A*02:01	9	7	3	AILDLLFLV	AISDLLFLV	NetMHCpan	3.68	4.98	1.353	NetMHCpan	0.03	0.04	129	0.318	NA	NA	139	NA	NA	NA	3.68	4.98	1.353	0.03	0.04	4.98	3.68	0.04	0.03	516.CCR3.ENST00000545097.missense.100S/L	2.6714285714285713	2.714285714285715	False	False	False	0	False	0
chr6	134929108	134929109	G	A	ENST00000265605	1	487	protein_coding	ENSG00000118514	missense	P/L	319	ALDH8A1	ENST00000265605.7:c.956C>T	ENSP00000265605.2:p.Pro319Leu	HLA-A*02:01	9	8	2	ILSDPLVSI	IPSDPLVSI	NetMHCpan	12.36	16743.2	1354.628	NetMHCpan	0.12	21.0	76	0.408	NA	NA	83	NA	NA	NA	12.36	16743.2	1354.628	0.12	21.0	16743.2	12.36	21.0	0.12	953.ALDH8A1.ENST00000265605.missense.319P/L	0.8285714285714285	1.485714285714286	False	False	False	0	False	1
chr3	42690925	42690926	C	T	ENST00000287777	1	621	protein_coding	ENSG00000157119	missense	L/F	559	KLHL40	ENST00000287777.5:c.1675C>T	ENSP00000287777.4:p.Leu559Phe	HLA-A*02:01	9	4	6	SLVGTFYAI	SLVGTLYAI	NetMHCpan	12.93	8.43	0.652	NetMHCpan	0.12	0.08	47	0.404	NA	NA	42	NA	NA	NA	12.93	8.43	0.652	0.12	0.08	8.43	12.93	0.08	0.12	501.KLHL40.ENST00000287777.missense.559L/F	1.5571428571428572	1.5571428571428572	False	False	False	0	False	0
chr2	102702476	102702477	G	A	ENST00000233969	1	812	protein_coding	ENSG00000115616	missense	R/K	607	SLC9A2	ENST00000233969.3:c.1820G>A	ENSP00000233969.2:p.Arg607Lys	HLA-A*02:01	9	6	4	LLSKNLYQI	LLSRNLYQI	NetMHCpan	16.32	22.02	1.349	NetMHCpan	0.15	0.2	100	0.46	NA	NA	118	NA	NA	NA	16.32	22.02	1.349	0.15	0.2	22.02	16.32	0.2	0.15	208.SLC9A2.ENST00000233969.missense.607R/K	-0.6714285714285714	0.2714285714285714	False	False	False	0	False	0
chr19	41242980	41242981	C	T	ENST00000301178	1	894	protein_coding	ENSG00000167601	missense	L/F	471	AXL	ENST00000301178.9:c.1411C>T	ENSP00000301178.3:p.Leu471Phe	HLA-A*02:01	9	2	8	VLILALFFV	VLILALFLV	NetMHCpan	19.72	30.28	1.535	NetMHCpan	0.18	0.28	62	0.306	NA	NA	75	NA	NA	NA	19.72	30.28	1.535	0.18	0.28	30.28	19.72	0.28	0.18	1855.AXL.ENST00000301178.missense.471L/F	3.385714285714286	3.528571428571429	False	False	False	0	False	0
chr3	39265584	39265585	C	A	ENST00000399220	1	355	protein_coding	ENSG00000168329	missense	G/W	309	CX3CR1	ENST00000399220.3:c.925G>T	ENSP00000382166.3:p.Gly309Trp	HLA-A*02:01	9	6	4	HLYWKCLAV	HLYGKCLAV	NetMHCpan	20.25	16.23	0.801	NetMHCpan	0.18	0.15	119	0.336	NA	NA	139	NA	NA	NA	20.25	16.23	0.801	0.18	0.15	16.23	20.25	0.15	0.18	494.CX3CR1.ENST00000399220.missense.309G/W	0.8857142857142858	0.8857142857142858	False	False	False	1	False	0
chr8	86743616	86743617	G	A	ENST00000320005	1	809	protein_coding	ENSG00000170289	missense	S/L	4	CNGB3	ENST00000320005.6:c.11C>T	ENSP00000316605.5:p.Ser4Leu	HLA-A*02:01	9	3	2	KLLTKVNKV	KSLTKVNKV	NetMHCpan	21.15	6394.32	302.332	NetMHCpan	0.19	9.4	93	0.71	NA	NA	80	NA	NA	NA	21.15	6394.32	302.332	0.19	9.4	6394.32	21.15	9.4	0.19	1106.CNGB3.ENST00000320005.missense.4S/L	0.0285714285714286	0.0285714285714286	False	False	False	0	False	0
chr18	65809982	65809983	G	A	ENST00000323011	1	785	protein_coding	ENSG00000081138	missense	E/K	164	CDH7	ENST00000323011.7:c.490G>A	ENSP00000319166.3:p.Glu164Lys	HLA-A*02:01	9	9	1	KMSPVGTSV	EMSPVGTSV	NetMHCpan	21.46	1611.12	75.075	NetMHCpan	0.19	4.1	125	0.368	NA	NA	133	NA	NA	NA	21.46	1611.12	75.075	0.19	4.1	1611.12	21.46	4.1	0.19	1787.CDH7.ENST00000323011.missense.164E/K	0.5857142857142856	0.5857142857142856	False	False	False	0	False	0
chr1	54612662	54612663	G	A	ENST00000302250	1	585	protein_coding	ENSG00000162391	missense	P/L	208	FAM151A	ENST00000302250.7:c.623C>T	ENSP00000306888.2:p.Pro208Leu	HLA-A*02:01	9	8	2	SLGWTTFYM	SPGWTTFYM	NetMHCpan	22.02	14757.59	670.19	NetMHCpan	0.2	19.0	99	0.384	NA	NA	97	NA	NA	NA	22.02	14757.59	670.19	0.2	19.0	14757.59	22.02	19.0	0.2	31.FAM151A.ENST00000302250.missense.208P/L	0.09999999999999994	0.4428571428571429	False	False	False	0	False	0
chr5	1402958	1402959	G	A	ENST00000270349	1	620	protein_coding	ENSG00000142319	missense	A/V	577	SLC6A3	ENST00000270349.12:c.1730C>T	ENSP00000270349.9:p.Ala577Val	HLA-A*02:01	9	1	9	MAMVPIYAV	MAMVPIYAA	NetMHCpan	27.83	216.58	7.782	NetMHCpan	0.26	1.4	35	0.371	NA	NA	39	NA	NA	NA	27.83	216.58	7.782	0.26	1.4	216.58	27.83	1.4	0.26	754.SLC6A3.ENST00000270349.missense.577A/V	1.957142857142857	1.957142857142857	False	False	False	0	False	0
chr2	168908028	168908029	C	T	ENST00000375363	1	355	protein_coding	ENSG00000152254	missense	P/S	340	G6PC2	ENST00000375363.8:c.1018C>T	ENSP00000364512.3:p.Pro340Ser	HLA-A*02:01	9	4	6	VVAFISYSV	VVAFIPYSV	NetMHCpan	28.59	33.63	1.176	NetMHCpan	0.26	0.31	132	0.303	NA	NA	160	NA	NA	NA	28.59	33.63	1.176	0.26	0.31	33.63	28.59	0.31	0.26	242.G6PC2.ENST00000375363.missense.340P/S	1.4857142857142855	2.1999999999999997	False	False	False	0	False	0
chr4	188091634	188091635	G	A	ENST00000512729	1	437	protein_coding	ENSG00000179046	missense	T/I	351	TRIML2	ENST00000512729.5:c.1052C>T	ENSP00000422581.2:p.Thr351Ile	HLA-A*02:01	9	8	2	WILWVFPPL	WTLWVFPPL	NetMHCpan	34.88	87.22	2.501	NetMHCpan	0.32	0.66	209	0.273	NA	NA	234	NA	NA	NA	34.88	87.22	2.501	0.32	0.66	87.22	34.88	0.66	0.32	747.TRIML2.ENST00000512729.missense.351T/I	1.5	1.7	False	False	False	0	False	0
chr18	23356609	23356610	C	T	ENST00000383233	1	296	protein_coding	ENSG00000134490	missense	G/S	219	TMEM241	ENST00000383233.8:c.655G>A	ENSP00000372720.3:p.Gly219Ser	HLA-A*02:01	9	1	9	FLYFYRFHS	FLYFYRFHG	NetMHCpan	35.77	161.0	4.501	NetMHCpan	0.32	1.2	46	0.304	NA	NA	56	NA	NA	NA	35.77	161.0	4.501	0.32	1.2	161.0	35.77	1.2	0.32	1768.TMEM241.ENST00000383233.missense.219G/S	-0.7857142857142858	0.7285714285714285	False	False	False	0	False	0
chr12	7375310	7375311	G	A	ENST00000313599	1	1453	protein_coding	ENSG00000177675	missense	H/Y	991	CD163L1	ENST00000313599.8:c.2971C>T	ENSP00000315945.3:p.His991Tyr	HLA-A*02:01	9	7	3	CIYGNTVSV	CIHGNTVSV	NetMHCpan	36.16	483.82	13.38	NetMHCpan	0.32	2.2	32	0.281	NA	NA	54	NA	NA	NA	36.16	483.82	13.38	0.32	2.2	483.82	36.16	2.2	0.32	1420.CD163L1.ENST00000313599.missense.991H/Y	0.24285714285714288	0.7571428571428571	True	False	False	1	False	0
chr2	179443346	179443347	G	A	ENST00000410066	1	486	protein_coding	ENSG00000144331	missense	S/L	455	ZNF385B	ENST00000410066.7:c.1364C>T	ENSP00000386845.2:p.Ser455Leu	HLA-A*02:01	9	8	2	ALLFQAPAI	ASLFQAPAI	NetMHCpan	38.55	5957.81	154.548	NetMHCpan	0.35	8.9	47	0.383	NA	NA	30	NA	NA	NA	38.55	5957.81	154.548	0.35	8.9	5957.81	38.55	8.9	0.35	261.ZNF385B.ENST00000410066.missense.455S/L	1.3714285714285714	1.3714285714285714	False	False	False	0	False	0
chr2	165312045	165312046	G	A	ENST00000283256	1	2005	protein_coding	ENSG00000136531	missense	G/E	331	SCN2A	ENST00000283256.10:c.992G>A	ENSP00000283256.6:p.Gly331Glu	HLA-A*02:01	9	6	4	FLEEQNDAL	FLEGQNDAL	NetMHCpan	43.24	159.87	3.697	NetMHCpan	0.38	1.2	34	0.294	NA	NA	34	NA	NA	NA	43.24	159.87	3.697	0.38	1.2	159.87	43.24	1.2	0.38	228.SCN2A.ENST00000283256.missense.331G/E	-1.6999999999999997	-1.5571428571428572	False	False	False	0	False	0
chr17	63945594	63945595	T	C	ENST00000435607	1	1836	protein_coding	ENSG00000007314	missense	N/S	1162	SCN4A	ENST00000435607.3:c.3485A>G	ENSP00000396320.1:p.Asn1162Ser	HLA-A*02:01	9	7	3	IMSVLLVCL	IMNVLLVCL	NetMHCpan	45.95	68.28	1.486	NetMHCpan	0.41	0.54	290	0.317	NA	NA	235	NA	NA	NA	45.95	68.28	1.486	0.41	0.54	68.28	45.95	0.54	0.41	1762.SCN4A.ENST00000435607.missense.1162N/S	3.0714285714285716	3.085714285714286	False	False	False	1	False	0
chr19	38812499	38812500	G	A	ENST00000307751	1	323	protein_coding	ENSG00000171747	missense	P/L	22	LGALS4	ENST00000307751.9:c.65C>T	ENSP00000302100.3:p.Pro22Leu	HLA-A*02:01	9	8	2	QLIPGGLNV	QPIPGGLNV	NetMHCpan	53.83	23745.54	441.121	NetMHCpan	0.45	30.0	55	0.291	NA	NA	46	NA	NA	NA	53.83	23745.54	441.121	0.45	30.0	23745.54	53.83	30.0	0.45	1848.LGALS4.ENST00000307751.missense.22P/L	0.942857142857143	0.942857142857143	True	False	False	0	False	0
chr3	38739663	38739664	C	T	ENST00000449082	1	1956	protein_coding	ENSG00000185313	missense	E/K	711	SCN10A	ENST00000449082.3:c.2131G>A	ENSP00000390600.2:p.Glu711Lys	HLA-A*02:01	9	6	4	FTAKMVFKI	FTAEMVFKI	NetMHCpan	63.83	9.23	0.145	NetMHCpan	0.52	0.08	33	0.303	NA	NA	43	NA	NA	NA	63.83	9.23	0.145	0.52	0.08	9.23	63.83	0.08	0.52	485.SCN10A.ENST00000449082.missense.711E/K	1.0571428571428572	1.2714285714285711	False	False	False	0	False	0
chr16	89280728	89280729	G	A	ENST00000378330	1	2663	protein_coding	ENSG00000167522	missense	P/L	1938	ANKRD11	ENST00000378330.7:c.5813C>T	ENSP00000367581.2:p.Pro1938Leu	HLA-A*02:01	9	1	9	YLEPLDEGL	YLEPLDEGP	NetMHCpan	64.42	16684.79	259.0	NetMHCpan	0.52	21.0	64	0.281	NA	NA	73	NA	NA	NA	64.42	16684.79	259.0	0.52	21.0	16684.79	64.42	21.0	0.52	1717.ANKRD11.ENST00000378330.missense.1938P/L	-0.7000000000000002	-0.7000000000000001	False	False	False	0	False	0
chr6	30891047	30891048	C	T	ENST00000376568	1	913	protein_coding	ENSG00000204580	missense	R/C	165	DDR1	ENST00000376568.8:c.493C>T	ENSP00000365752.3:p.Arg165Cys	HLA-A*02:01	9	6	4	RLVCFYPRA	RLVRFYPRA	NetMHCpan	78.83	227.27	2.883	NetMHCpan	0.6	1.5	105	0.286	NA	NA	77	NA	NA	NA	78.83	227.27	2.883	0.6	1.5	227.27	78.83	1.5	0.6	835.DDR1.ENST00000376568.missense.165R/C	0.557142857142857	0.8428571428571429	False	False	False	1	False	0
chr11	34204581	34204582	G	A	ENST00000435224	1	1025	protein_coding	ENSG00000166016	missense	S/F	331	ABTB2	ENST00000435224.3:c.992C>T	ENSP00000410157.2:p.Ser331Phe	HLA-A*02:01	9	9	1	FLLATCVGS	SLLATCVGS	NetMHCpan	82.33	582.7	7.078	NetMHCpan	0.62	2.4	38	0.553	NA	NA	45	NA	NA	NA	82.33	582.7	7.078	0.62	2.4	582.7	82.33	2.4	0.62	1330.ABTB2.ENST00000435224.missense.331S/F	1.4857142857142855	2.6	False	False	False	1	False	0
chr1	172589105	172589106	C	T	ENST00000367723	1	1405	protein_coding	ENSG00000094975	missense	P/S	820	SUCO	ENST00000367723.8:c.2458C>T	ENSP00000356696.4:p.Pro820Ser	HLA-A*02:01	9	7	3	LLSAESVDV	LLPAESVDV	NetMHCpan	89.36	187.0	2.093	NetMHCpan	0.67	1.3	74	0.432	NA	NA	91	NA	NA	NA	89.36	187.0	2.093	0.67	1.3	187.0	89.36	1.3	0.67	102.SUCO.ENST00000367723.missense.820P/S	0.22857142857142865	1.2142857142857142	False	False	False	0	False	0
chr6	4057086	4057087	C	T	ENST00000337659	1	1007	protein_coding	ENSG00000112739	missense	T/I	878	PRP4K	ENST00000337659.11:c.2633C>T	ENSP00000337194.6:p.Thr878Ile	HLA-A*02:01	9	5	5	SVGCILYEL	SVGCTLYEL	NetMHCpan	118.45	235.83	1.991	NetMHCpan	0.85	1.5	133	0.331	NA	NA	118	NA	NA	NA	118.45	235.83	1.991	0.85	1.5	235.83	118.45	1.5	0.85	819.PRP4K.ENST00000337659.missense.878T/I	1.3428571428571427	1.7857142857142858	False	False	False	1	False	0
chr2	195922132	195922133	T	A	ENST00000312428	1	4024	protein_coding	ENSG00000118997	missense	N/I	1297	DNAH7	ENST00000312428.11:c.3890A>T	ENSP00000311273.6:p.Asn1297Ile	HLA-A*02:01	9	6	4	YLGISPRLV	YLGNSPRLV	NetMHCpan	131.13	76.19	0.581	NetMHCpan	0.92	0.59	44	0.318	NA	NA	58	NA	NA	NA	131.13	76.19	0.581	0.92	0.59	76.19	131.13	0.59	0.92	349.DNAH7.ENST00000312428.missense.1297N/I	0.7428571428571428	0.7428571428571428	False	False	False	0	False	0
chr15	40737291	40737292	G	A	ENST00000260385	1	470	protein_coding	ENSG00000137824	missense	S/F	425	RMDN3	ENST00000260385.10:c.1274C>T	ENSP00000260385.6:p.Ser425Phe	HLA-A*02:01	9	7	3	YIFKCYREL	YISKCYREL	NetMHCpan	132.15	1087.28	8.228	NetMHCpan	0.92	3.4	155	0.31	NA	NA	204	NA	NA	NA	132.15	1087.28	8.228	0.92	3.4	1087.28	132.15	3.4	0.92	1565.RMDN3.ENST00000260385.missense.425S/F	-0.5857142857142857	-0.17142857142857146	False	False	False	1	False	0
chrX	50308947	50308948	C	T	ENST00000276014	1	1395	protein_coding	ENSG00000147082	missense	S/F	260	CCNB3	ENST00000276014.11:c.779C>T	ENSP00000276014.7:p.Ser260Phe	HLA-A*02:01	9	4	6	NMEEDFFFM	NMEEDSFFM	NetMHCpan	132.3	203.4	1.537	NetMHCpan	0.92	1.4	57	0.632	NA	NA	54	NA	NA	NA	132.3	203.4	1.537	0.92	1.4	203.4	132.3	1.4	0.92	2198.CCNB3.ENST00000276014.missense.260S/F	-0.02857142857142866	-0.0285714285714286	False	False	False	0	True	0
chr19	36393201	36393202	G	A	ENST00000392161	1	532	protein_coding	ENSG00000181007	missense	H/Y	380	ZFP82	ENST00000392161.4:c.1138C>T	ENSP00000431265.1:p.His380Tyr	HLA-A*02:01	9	2	8	KTFSRGYYL	KTFSRGYHL	NetMHCpan	149.78	1082.37	7.226	NetMHCpan	1.0	3.4	87	0.402	NA	NA	90	NA	NA	NA	149.78	1082.37	7.226	1.0	3.4	1082.37	149.78	3.4	1.0	1844.ZFP82.ENST00000392161.missense.380H/Y	-0.24285714285714288	-0.24285714285714288	False	False	False	0	False	0
chr3	167536880	167536881	G	A	ENST00000308378	1	697	protein_coding	ENSG00000174776	missense	T/I	296	WDR49	ENST00000308378.7:c.887C>T	ENSP00000311343.3:p.Thr296Ile	HLA-A*02:01	9	4	6	FLPPQILVT	FLPPQTLVT	NetMHCpan	153.68	577.69	3.759	NetMHCpan	1.2	2.4	41	0.366	NA	NA	20	NA	NA	NA	153.68	577.69	3.759	1.2	2.4	577.69	153.68	2.4	1.2	662.WDR49.ENST00000308378.missense.296T/I	0.7285714285714285	1.3714285714285714	False	False	False	0	False	0
chr19	56028433	56028434	G	C	ENST00000390649	1	1200	protein_coding	ENSG00000171487	missense	R/P	734	NLRP5	ENST00000390649.8:c.2201G>C	ENSP00000375063.3:p.Arg734Pro	HLA-A*02:01	9	7	3	YLPKIRVDV	YLRKIRVDV	NetMHCpan	161.41	2276.11	14.101	NetMHCpan	1.2	5.0	203	0.34	NA	NA	246	NA	NA	NA	161.41	2276.11	14.101	1.2	5.0	2276.11	161.41	5.0	1.2	1975.NLRP5.ENST00000390649.missense.734R/P	-0.08571428571428566	0.17142857142857146	False	False	False	0	False	0
chr11	118498049	118498050	G	A	ENST00000534358	1	3972	protein_coding	ENSG00000118058	missense	A/T	1927	KMT2A	ENST00000534358.8:c.5779G>A	ENSP00000436786.2:p.Ala1927Thr	HLA-A*02:01	9	2	8	SLKNVHMTV	SLKNVHMAV	NetMHCpan	169.61	201.17	1.186	NetMHCpan	1.2	1.4	84	0.476	NA	NA	103	NA	NA	NA	169.61	201.17	1.186	1.2	1.4	201.17	169.61	1.4	1.2	1402.KMT2A.ENST00000534358.missense.1927A/T	-0.14285714285714285	-0.14285714285714285	False	False	False	0	False	0
chr20	63889209	63889210	C	T	ENST00000352482	1	220	protein_coding	ENSG00000101150	missense	S/L	180	TPD52L2	ENST00000352482.8:c.539C>T	ENSP00000344647.4:p.Ser180Leu	HLA-A*02:01	9	8	2	KLFEDRVGT	KSFEDRVGT	NetMHCpan	184.13	18466.62	100.291	NetMHCpan	1.3	23.0	52	0.731	NA	NA	23	NA	NA	NA	184.13	18466.62	100.291	1.3	23.0	18466.62	184.13	23.0	1.3	2061.TPD52L2.ENST00000352482.missense.180S/L	-0.7999999999999999	-0.15714285714285717	False	False	False	0	False	0
chr1	205073724	205073725	C	T	ENST00000331830	1	1040	protein_coding	ENSG00000184144	missense	S/F	1028	CNTN2	ENST00000331830.7:c.3083C>T	ENSP00000330633.4:p.Ser1028Phe	HLA-A*02:01	9	5	5	VISHFVAML	VISHSVAML	NetMHCpan	188.03	1069.29	5.687	NetMHCpan	1.3	3.4	42	0.405	NA	NA	40	NA	NA	NA	188.03	1069.29	5.687	1.3	3.4	1069.29	188.03	3.4	1.3	127.CNTN2.ENST00000331830.missense.1028S/F	1.5	1.9285714285714286	False	False	False	0	False	0
chr5	69420144	69420145	C	T	ENST00000325631	1	558	protein_coding	ENSG00000152939	missense	P/S	254	MARVELD2	ENST00000325631.10:c.760C>T	ENSP00000323264.5:p.Pro254Ser	HLA-A*02:01	9	3	7	YTGPKTSFV	YTGPKTPFV	NetMHCpan	193.51	52.59	0.272	NetMHCpan	1.3	0.44	67	0.254	NA	NA	67	NA	NA	NA	193.51	52.59	0.272	1.3	0.44	52.59	193.51	0.44	1.3	770.MARVELD2.ENST00000325631.missense.254P/S	-0.0571428571428572	-0.0571428571428572	False	False	False	0	False	0
chr7	150573025	150573026	C	T	ENST00000255945	1	329	protein_coding	ENSG00000133574	missense	S/F	319	GIMAP4	ENST00000255945.4:c.956C>T	ENSP00000255945.2:p.Ser319Phe	HLA-A*02:01	9	5	5	LQIAFFILL	LQIASFILL	NetMHCpan	195.45	143.53	0.734	NetMHCpan	1.3	0.97	53	0.358	NA	NA	52	NA	NA	NA	195.45	143.53	0.734	1.3	0.97	143.53	195.45	0.97	1.3	1085.GIMAP4.ENST00000255945.missense.319S/F	3.4285714285714284	3.4285714285714284	False	False	False	0	False	0
chr3	69119666	69119667	C	T	ENST00000420581	1	560	protein_coding	ENSG00000163380	missense	V/I	230	LMOD3	ENST00000420581.7:c.688G>A	ENSP00000414670.3:p.Val230Ile	HLA-A*02:01	9	1	9	ALDTSFLKI	ALDTSFLKV	NetMHCpan	204.41	33.39	0.163	NetMHCpan	1.4	0.31	124	0.46	NA	NA	118	NA	NA	NA	204.41	33.39	0.163	1.4	0.31	33.39	204.41	0.31	1.4	531.LMOD3.ENST00000420581.missense.230V/I	0.3142857142857142	1.0285714285714285	False	False	False	0	False	0
chr2	162189129	162189130	G	A	ENST00000188790	1	760	protein_coding	ENSG00000078098	missense	S/L	531	FAP	ENST00000188790.9:c.1592C>T	ENSP00000188790.4:p.Ser531Leu	HLA-A*02:01	9	1	9	ILPPQFDRL	ILPPQFDRS	NetMHCpan	262.99	11110.14	42.245	NetMHCpan	1.6	15.0	84	0.393	NA	NA	68	NA	NA	NA	262.99	11110.14	42.245	1.6	15.0	11110.14	262.99	15.0	1.6	212.FAP.ENST00000188790.missense.531S/L	-1.1571428571428573	0.12857142857142875	False	False	False	0	False	0
chr3	122555931	122555932	G	A	ENST00000360356	1	854	protein_coding	ENSG00000138496	missense	T/I	115	PARP9	ENST00000360356.6:c.344C>T	ENSP00000353512.2:p.Thr115Ile	HLA-A*02:01	9	6	4	KMLIPRIEL	KMLTPRIEL	NetMHCpan	278.21	132.75	0.477	NetMHCpan	1.6	0.92	40	0.375	NA	NA	51	NA	NA	NA	278.21	132.75	0.477	1.6	0.92	132.75	278.21	0.92	1.6	594.PARP9.ENST00000360356.missense.115T/I	1.0000000000000002	1.0000000000000002	False	False	False	0	False	0
chr12	112948960	112948961	C	T	ENST00000228928	1	1087	protein_coding	ENSG00000111331	missense	P/L	377	OAS3	ENST00000228928.12:c.1130C>T	ENSP00000228928.7:p.Pro377Leu	HLA-A*02:01	9	3	7	SLNAVYLRA	SLNAVYPRA	NetMHCpan	303.13	234.29	0.773	NetMHCpan	1.7	1.5	20	0.4	NA	NA	24	NA	NA	NA	303.13	234.29	0.773	1.7	1.5	234.29	303.13	1.5	1.7	1455.OAS3.ENST00000228928.missense.377P/L	0.32857142857142857	1.1428571428571428	False	False	False	0	False	0
chr3	151817434	151817435	G	A	ENST00000232892	1	399	protein_coding	ENSG00000114771	missense	E/K	70	AADAC	ENST00000232892.12:c.208G>A	ENSP00000232892.6:p.Glu70Lys	HLA-A*02:01	9	2	8	KVVGSFDKV	KVVGSFDEV	NetMHCpan	326.63	91.37	0.28	NetMHCpan	1.8	0.68	63	0.317	NA	NA	74	NA	NA	NA	326.63	91.37	0.28	1.8	0.68	91.37	326.63	0.68	1.8	638.AADAC.ENST00000232892.missense.70E/K	0.37142857142857144	0.37142857142857144	False	False	False	0	False	0
chr1	118885123	118885124	G	A	ENST00000207157	1	496	protein_coding	ENSG00000092607	missense	P/S	367	TBX15	ENST00000207157.7:c.1099C>T	ENSP00000207157.3:p.Pro367Ser	HLA-A*02:01	9	8	2	FSTSQFQYV	FPTSQFQYV	NetMHCpan	330.61	6384.5	19.311	NetMHCpan	1.8	9.4	62	0.274	NA	NA	61	NA	NA	NA	330.61	6384.5	19.311	1.8	9.4	6384.5	330.61	9.4	1.8	94.TBX15.ENST00000207157.missense.367P/S	-0.39999999999999997	-0.39999999999999997	False	False	False	0	False	0
chr8	94189193	94189194	A	T	ENST00000027335	1	832	protein_coding	ENSG00000079112	missense	I/K	48	CDH17	ENST00000027335.8:c.143T>A	ENSP00000027335.3:p.Ile48Lys	HLA-A*02:01	9	6	4	SQIKFQFKA	SQIIFQFKA	NetMHCpan	331.03	610.22	1.843	NetMHCpan	1.8	2.5	67	0.746	NA	NA	63	NA	NA	NA	331.03	610.22	1.843	1.8	2.5	610.22	331.03	2.5	1.8	1133.CDH17.ENST00000027335.missense.48I/K	0.0857142857142857	0.0857142857142857	False	False	False	0	False	0
chr2	70933028	70933029	C	T	ENST00000234392	1	290	protein_coding	ENSG00000116035	missense	S/F	233	VAX2	ENST00000234392.3:c.698C>T	ENSP00000234392.2:p.Ser233Phe	HLA-A*02:01	9	9	1	FSASASPPL	SSASASPPL	NetMHCpan	340.11	4472.98	13.152	NetMHCpan	1.8	7.4	27	0.296	NA	NA	31	NA	NA	NA	340.11	4472.98	13.152	1.8	7.4	4472.98	340.11	7.4	1.8	180.VAX2.ENST00000234392.missense.233S/F	0.3714285714285714	0.3714285714285714	False	False	False	0	False	0
chr10	28069818	28069819	C	T	ENST00000375719	1	576	protein_coding	ENSG00000150054	missense	R/Q	386	MPP7	ENST00000375719.7:c.1157G>A	ENSP00000364871.3:p.Arg386Gln	HLA-A*02:01	9	3	7	GLNELKQKL	GLNELKRKL	NetMHCpan	373.36	2278.8	6.103	NetMHCpan	2.0	5.0	21	0.524	NA	NA	48	NA	NA	NA	373.36	2278.8	6.103	2.0	5.0	2278.8	373.36	5.0	2.0	1186.MPP7.ENST00000375719.missense.386R/Q	-1.5285714285714285	-1.0285714285714287	False	False	False	0	False	0
chr7	99847598	99847599	G	A	ENST00000222382	1	504	protein_coding	ENSG00000021461	missense	E/K	144	CYP3A43	ENST00000222382.5:c.430G>A	ENSP00000222382.5:p.Glu144Lys	HLA-A*02:01	9	9	1	KMVPIISQC	EMVPIISQC	NetMHCpan	385.31	9358.43	24.288	NetMHCpan	2.0	13.0	101	0.307	NA	NA	107	NA	NA	NA	385.31	9358.43	24.288	2.0	13.0	9358.43	385.31	13.0	2.0	1031.CYP3A43.ENST00000222382.missense.144E/K	1.4	1.4	False	True	False	1	False	0
chr3	165016079	165016080	C	T	ENST00000264382	1	1827	protein_coding	ENSG00000090402	missense	D/N	1254	SI	ENST00000264382.8:c.3760G>A	ENSP00000264382.3:p.Asp1254Asn	HLA-A*02:01	9	2	8	VAANIPYNV	VAANIPYDV	NetMHCpan	455.76	2662.3	5.841	NetMHCpan	2.2	5.5	134	0.276	NA	NA	177	NA	NA	NA	455.76	2662.3	5.841	2.2	5.5	2662.3	455.76	5.5	2.2	660.SI.ENST00000264382.missense.1254D/N	0.08571428571428566	0.8428571428571431	False	False	False	0	False	0
