ID	Index	A*02:01	Gene	AA Change	Num Passing Transcripts	Best Peptide	Best Transcript	TSL	Allele	Pos	Prob Pos	Num Included Peptides	Num Passing Peptides	IC50 MT	IC50 WT	%ile MT	%ile WT	RNA Expr	RNA VAF	Allele Expr	RNA Depth	DNA VAF	Tier	Evaluation
chr3-24123064-24123065-G-A	438.THRB.ENST00000356447.missense.402A/V	2	THRB	A402V	45	FLLVFEHYI	ENST00000356447	1	HLA-A*02:01	4	None	2	1	2.930	1.950	0.020	0.010	NA	NA	NA	NA	0.353	Pass	Pending
chr3-46265393-46265394-C-T	516.CCR3.ENST00000545097.missense.100S/L	6	CCR3	S100L	6	AILDLLFLV	ENST00000545097	1	HLA-A*02:01	3	None	6	2	3.680	4.980	0.030	0.040	NA	NA	NA	NA	0.318	Pass	Pending
chr6-134929108-134929109-G-A	953.ALDH8A1.ENST00000265605.missense.319P/L	2	ALDH8A1	P319L	5	ILSDPLVSI	ENST00000265605	1	HLA-A*02:01	2	None	2	1	12.360	16743.200	0.120	21.000	NA	NA	NA	NA	0.408	Pass	Pending
chr3-42690925-42690926-C-T	501.KLHL40.ENST00000287777.missense.559L/F	3	KLHL40	L559F	6	SLVGTFYAI	ENST00000287777	1	HLA-A*02:01	6	None	3	1	12.930	8.430	0.120	0.080	NA	NA	NA	NA	0.404	Pass	Pending
chr2-102702476-102702477-G-A	208.SLC9A2.ENST00000233969.missense.607R/K	1	SLC9A2	R607K	3	LLSKNLYQI	ENST00000233969	1	HLA-A*02:01	4	None	1	1	16.320	22.020	0.150	0.200	NA	NA	NA	NA	0.460	Pass	Pending
chr3-39265584-39265585-C-A	494.CX3CR1.ENST00000399220.missense.309G/W	2	CX3CR1	G309W	8	HLYWKCLAV	ENST00000399220	1	HLA-A*02:01	4	None	2	2	20.250	16.230	0.180	0.150	NA	NA	NA	NA	0.336	Pass	Pending
chr8-86743616-86743617-G-A	1106.CNGB3.ENST00000320005.missense.4S/L	1	CNGB3	S4L	1	KLLTKVNKV	ENST00000320005	1	HLA-A*02:01	2	None	1	1	21.150	6394.320	0.190	9.400	NA	NA	NA	NA	0.710	Pass	Pending
chr18-65809982-65809983-G-A	1787.CDH7.ENST00000323011.missense.164E/K	2	CDH7	E164K	3	KMSPVGTSV	ENST00000323011	1	HLA-A*02:01	1	None	2	1	21.460	1611.120	0.190	4.100	NA	NA	NA	NA	0.368	Pass	Pending
chr1-54612662-54612663-G-A	31.FAM151A.ENST00000302250.missense.208P/L	2	FAM151A	P208L	5	SLGWTTFYM	ENST00000302250	1	HLA-A*02:01	2	None	2	1	22.020	14757.590	0.200	19.000	NA	NA	NA	NA	0.384	Pass	Pending
chr2-168908028-168908029-C-T	242.G6PC2.ENST00000375363.missense.340P/S	4	G6PC2	P340S	1	VVAFISYSV	ENST00000375363	1	HLA-A*02:01	6	None	4	2	28.590	33.630	0.260	0.310	NA	NA	NA	NA	0.303	Pass	Pending
chr12-7375310-7375311-G-A	1420.CD163L1.ENST00000313599.missense.991H/Y	1	CD163L1	H991Y	5	CIYGNTVSV	ENST00000313599	1	HLA-A*02:01	3	None	1	1	36.160	483.820	0.320	2.200	NA	NA	NA	NA	0.281	Pass	Pending
chr2-179443346-179443347-G-A	261.ZNF385B.ENST00000410066.missense.455S/L	4	ZNF385B	S455L	4	ALLFQAPAI	ENST00000410066	1	HLA-A*02:01	2	None	4	1	38.550	5957.810	0.350	8.900	NA	NA	NA	NA	0.383	Pass	Pending
chr2-165312045-165312046-G-A	228.SCN2A.ENST00000283256.missense.331G/E	1	SCN2A	G331E	7	FLEEQNDAL	ENST00000283256	1	HLA-A*02:01	4	None	1	1	43.240	159.870	0.380	1.200	NA	NA	NA	NA	0.294	Pass	Pending
chr17-63945594-63945595-T-C	1762.SCN4A.ENST00000435607.missense.1162N/S	5	SCN4A	N1162S	1	IMSVLLVCL	ENST00000435607	1	HLA-A*02:01	3	None	5	2	45.950	68.280	0.410	0.540	NA	NA	NA	NA	0.317	Pass	Pending
chr19-38812499-38812500-G-A	1848.LGALS4.ENST00000307751.missense.22P/L	1	LGALS4	P22L	4	QLIPGGLNV	ENST00000307751	1	HLA-A*02:01	2	None	1	1	53.830	23745.540	0.450	30.000	NA	NA	NA	NA	0.291	Pass	Pending
chr3-38739663-38739664-C-T	485.SCN10A.ENST00000449082.missense.711E/K	4	SCN10A	E711K	3	FTAKMVFKI	ENST00000449082	1	HLA-A*02:01	4	None	4	1	63.830	9.230	0.520	0.080	NA	NA	NA	NA	0.303	Pass	Pending
chr16-89280728-89280729-G-A	1717.ANKRD11.ENST00000378330.missense.1938P/L	3	ANKRD11	P1938L	3	YLEPLDEGL	ENST00000378330	1	HLA-A*02:01	9	None	3	2	64.420	16684.790	0.520	21.000	NA	NA	NA	NA	0.281	Pass	Pending
chr6-30891047-30891048-C-T	835.DDR1.ENST00000376568.missense.165R/C	1	DDR1	R165C	86	RLVCFYPRA	ENST00000376568	1	HLA-A*02:01	4	None	1	1	78.830	227.270	0.600	1.500	NA	NA	NA	NA	0.286	Pass	Pending
chr11-34204581-34204582-G-A	1330.ABTB2.ENST00000435224.missense.331S/F	4	ABTB2	S331F	1	FLLATCVGS	ENST00000435224	1	HLA-A*02:01	1	None	4	1	82.330	582.700	0.620	2.400	NA	NA	NA	NA	0.553	Pass	Pending
chr1-172589105-172589106-C-T	102.SUCO.ENST00000367723.missense.820P/S	3	SUCO	P820S	3	LLSAESVDV	ENST00000367723	1	HLA-A*02:01	3	None	3	1	89.360	187.000	0.670	1.300	NA	NA	NA	NA	0.432	Pass	Pending
chr6-4057086-4057087-C-T	819.PRP4K.ENST00000337659.missense.878T/I	2	PRP4K	T878I	5	SVGCILYEL	ENST00000337659	1	HLA-A*02:01	5	None	2	1	118.450	235.830	0.850	1.500	NA	NA	NA	NA	0.331	Pass	Pending
chr2-195922132-195922133-T-A	349.DNAH7.ENST00000312428.missense.1297N/I	1	DNAH7	N1297I	1	YLGISPRLV	ENST00000312428	1	HLA-A*02:01	4	None	1	1	131.130	76.190	0.920	0.590	NA	NA	NA	NA	0.318	Pass	Pending
chr15-40737291-40737292-G-A	1565.RMDN3.ENST00000260385.missense.425S/F	1	RMDN3	S425F	20	YIFKCYREL	ENST00000260385	1	HLA-A*02:01	3	None	1	1	132.150	1087.280	0.920	3.400	NA	NA	NA	NA	0.310	Pass	Pending
chrX-50308947-50308948-C-T	2198.CCNB3.ENST00000276014.missense.260S/F	1	CCNB3	S260F	2	NMEEDFFFM	ENST00000276014	1	HLA-A*02:01	6	None	1	1	132.300	203.400	0.920	1.400	NA	NA	NA	NA	0.632	Pass	Pending
chr19-36393201-36393202-G-A	1844.ZFP82.ENST00000392161.missense.380H/Y	1	ZFP82	H380Y	4	KTFSRGYYL	ENST00000392161	1	HLA-A*02:01	8	None	1	1	149.780	1082.370	1.000	3.400	NA	NA	NA	NA	0.402	Pass	Pending
chr3-167536880-167536881-G-A	662.WDR49.ENST00000308378.missense.296T/I	2	WDR49	T296I	6	FLPPQILVT	ENST00000308378	1	HLA-A*02:01	6	None	2	1	153.680	577.690	1.200	2.400	NA	NA	NA	NA	0.366	Pass	Pending
chr19-56028433-56028434-G-C	1975.NLRP5.ENST00000390649.missense.734R/P	2	NLRP5	R734P	2	YLPKIRVDV	ENST00000390649	1	HLA-A*02:01	3	None	2	1	161.410	2276.110	1.200	5.000	NA	NA	NA	NA	0.340	Pass	Pending
chr20-63889209-63889210-C-T	2061.TPD52L2.ENST00000352482.missense.180S/L	2	TPD52L2	S180L	23	KLFEDRVGT	ENST00000352482	1	HLA-A*02:01	2	None	2	1	184.130	18466.620	1.300	23.000	NA	NA	NA	NA	0.731	Pass	Pending
chr1-205073724-205073725-C-T	127.CNTN2.ENST00000331830.missense.1028S/F	3	CNTN2	S1028F	4	VISHFVAML	ENST00000331830	1	HLA-A*02:01	5	None	3	1	188.030	1069.290	1.300	3.400	NA	NA	NA	NA	0.405	Pass	Pending
chr5-69420144-69420145-C-T	770.MARVELD2.ENST00000325631.missense.254P/S	3	MARVELD2	P254S	10	YTGPKTSFV	ENST00000325631	1	HLA-A*02:01	7	None	3	1	193.510	52.590	1.300	0.440	NA	NA	NA	NA	0.254	Pass	Pending
chr7-150573025-150573026-C-T	1085.GIMAP4.ENST00000255945.missense.319S/F	5	GIMAP4	S319F	6	LQIAFFILL	ENST00000255945	1	HLA-A*02:01	5	None	5	2	195.450	143.530	1.300	0.970	NA	NA	NA	NA	0.358	Pass	Pending
chr2-162189129-162189130-G-A	212.FAP.ENST00000188790.missense.531S/L	2	FAP	S531L	6	ILPPQFDRL	ENST00000188790	1	HLA-A*02:01	9	None	2	1	262.990	11110.140	1.600	15.000	NA	NA	NA	NA	0.393	Pass	Pending
chr3-122555931-122555932-G-A	594.PARP9.ENST00000360356.missense.115T/I	3	PARP9	T115I	39	KMLIPRIEL	ENST00000360356	1	HLA-A*02:01	4	None	3	2	278.210	132.750	1.600	0.920	NA	NA	NA	NA	0.375	Pass	Pending
chr12-112948960-112948961-C-T	1455.OAS3.ENST00000228928.missense.377P/L	1	OAS3	P377L	9	SLNAVYLRA	ENST00000228928	1	HLA-A*02:01	7	None	1	1	303.130	234.290	1.700	1.500	NA	NA	NA	NA	0.400	Pass	Pending
chr1-118885123-118885124-G-A	94.TBX15.ENST00000207157.missense.367P/S	1	TBX15	P367S	3	FSTSQFQYV	ENST00000207157	1	HLA-A*02:01	2	None	1	1	330.610	6384.500	1.800	9.400	NA	NA	NA	NA	0.274	Pass	Pending
chr8-94189193-94189194-A-T	1133.CDH17.ENST00000027335.missense.48I/K	1	CDH17	I48K	17	SQIKFQFKA	ENST00000027335	1	HLA-A*02:01	4	None	1	1	331.030	610.220	1.800	2.500	NA	NA	NA	NA	0.746	Pass	Pending
chr2-70933028-70933029-C-T	180.VAX2.ENST00000234392.missense.233S/F	2	VAX2	S233F	1	FSASASPPL	ENST00000234392	1	HLA-A*02:01	1	None	2	1	340.110	4472.980	1.800	7.400	NA	NA	NA	NA	0.296	Pass	Pending
chr10-28069818-28069819-C-T	1186.MPP7.ENST00000375719.missense.386R/Q	1	MPP7	R386Q	22	GLNELKQKL	ENST00000375719	1	HLA-A*02:01	7	None	1	1	373.360	2278.800	2.000	5.000	NA	NA	NA	NA	0.524	Pass	Pending
chr7-99847598-99847599-G-A	1031.CYP3A43.ENST00000222382.missense.144E/K	1	CYP3A43	E144K	8	KMVPIISQC	ENST00000222382	1	HLA-A*02:01	1	None	1	1	385.310	9358.430	2.000	13.000	NA	NA	NA	NA	0.307	Pass	Pending
chr3-165016079-165016080-C-T	660.SI.ENST00000264382.missense.1254D/N	1	SI	D1254N	1	VAANIPYNV	ENST00000264382	1	HLA-A*02:01	8	None	1	1	455.760	2662.300	2.200	5.500	NA	NA	NA	NA	0.276	Pass	Pending
chr2-206949684-206949685-C-T	350.CPO.ENST00000272852.missense.46S/F	2	CPO	S46F	1	SLETYFYNI	ENST00000272852	1	HLA-A*02:01	6	None	2	1	49.780	107.500	0.420	0.800	NA	NA	NA	NA	0.198	Subclonal	Pending
chr20-35008744-35008745-C-A	1994.TRPC4AP.ENST00000252015.missense.505S/I	1	TRPC4AP	S505I	35	VLNTDRILV	ENST00000252015	1	HLA-A*02:01	7	None	1	1	154.420	925.680	1.200	3.100	NA	NA	NA	NA	0.197	Subclonal	Pending
chr13-113769119-113769120-G-A	1492.TMEM255B.ENST00000375353.missense.71G/E	3	TMEM255B	G71E	16	FLEIIGINL	ENST00000375353	1	HLA-A*02:01	3	None	3	1	193.780	124.300	1.300	0.880	NA	NA	NA	NA	0.103	Subclonal	Pending
chr17-21198730-21198731-T-G	1742.TMEM11.ENST00000317635.missense.58K/Q	2	TMEM11	K58Q	3	YQYIVIEPT	ENST00000317635	1	HLA-A*02:01	2	None	2	1	412.830	22970.740	2.100	29.000	NA	NA	NA	NA	0.218	Subclonal	Pending
chr11-607443-607444-C-T	1288.PHRF1.ENST00000264555.missense.663P/L	1	PHRF1	P663L	26	VLGPPLKPA	ENST00000264555	1	HLA-A*02:01	2	None	1	1	467.800	30549.060	2.200	43.000	NA	NA	NA	NA	0.125	Subclonal	Pending
chr17-10635450-10635451-G-A	1735.MYH3.ENST00000583535.missense.1363S/F	2	MYH3	S1363F	2	ALFKANSEV	ENST00000583535	5	HLA-A*02:01	3	None	2	1	18.460	113.760	0.170	0.830	NA	NA	NA	NA	0.337	Poor	Pending
chr1-248474224-248474225-C-T	151.OR2T3.ENST00000359594.missense.292P/L	3	OR2T3	P292L	1	VLNLLIYSL	ENST00000359594	NA	HLA-A*02:01	4	None	3	1	26.720	7.290	0.250	0.060	NA	NA	NA	NA	0.116	Poor	Pending
chr1-248573882-248573883-G-A	152.OR2T34.ENST00000328782.missense.292P/L	3	OR2T34	P292L	1	VLNLLIYSL	ENST00000328782	NA	HLA-A*02:01	4	None	3	1	26.720	7.290	0.250	0.060	NA	NA	NA	NA	0.192	Poor	Pending
chr14-77379062-77379063-G-A	1549.SAMD15.ENST00000216471.missense.549E/K	2	SAMD15	E549K	1	KVAEWISQL	ENST00000216471	2	HLA-A*02:01	1	None	2	2	26.990	1535.880	0.250	4.100	NA	NA	NA	NA	0.362	Poor	Pending
chrX-133027220-133027221-G-A	2233.USP26.ENST00000511190.missense.334P/S	1	USP26	P334S	2	SLNALTMCL	ENST00000511190	2	HLA-A*02:01	1	None	1	1	28.430	1464.410	0.260	4.000	NA	NA	NA	NA	0.710	Poor	Pending
chr1-109543913-109543914-C-T	86.GPR61.ENST00000527748.missense.298L/F	2	GPR61	L298F	1	FLFCWLPYF	ENST00000527748	2	HLA-A*02:01	3	None	2	1	35.380	35.770	0.320	0.320	NA	NA	NA	NA	0.337	Poor	Pending
chr5-178986505-178986506-G-A	816.GRM6.ENST00000231188.missense.583S/F	3	GRM6	S583F	3	RLSWSFPWA	ENST00000231188	2	HLA-A*02:01	6	None	3	2	37.520	148.080	0.340	0.990	NA	NA	NA	NA	0.250	Poor	Pending
chr19-4902781-4902782-C-T	1804.ARRDC5.ENST00000718248.missense.15R/K	2	ARRDC5	R15K	2	VLPEDKIYL	ENST00000718248	NA	HLA-A*02:01	6	None	2	1	75.150	75.410	0.580	0.590	NA	NA	NA	NA	0.299	Poor	Pending
chr3-38847445-38847446-G-A	488.SCN11A.ENST00000302328.missense.1542L/F	4	SCN11A	L1542F	5	SSMFCLFQI	ENST00000302328	5	HLA-A*02:01	4	None	4	1	103.500	146.100	0.770	0.980	NA	NA	NA	NA	0.306	Poor	Pending
chr14-21665667-21665668-G-A	1512.OR4E2.ENST00000641524.missense.196G/R	1	OR4E2	G196R	1	YLTRILIVT	ENST00000641524	NA	HLA-A*02:01	4	None	1	1	126.710	56.620	0.890	0.460	NA	NA	NA	NA	0.343	Poor	Pending
chr2-166199206-166199207-G-A	238.SCN9A.ENST00000303354.missense.1811P/L	4	SCN9A	P1811L	4	FAAALDLPL	ENST00000303354	5	HLA-A*02:01	7	None	4	1	145.590	172.340	0.980	1.200	NA	NA	NA	NA	0.277	Poor	Pending
chr14-64793474-64793475-C-T	1541.SPTB.ENST00000389722.missense.730D/N	1	SPTB	D730N	7	AQWDQLKNL	ENST00000389722	2	HLA-A*02:01	8	None	1	1	196.440	876.140	1.300	3.000	NA	NA	NA	NA	0.429	Poor	Pending
chr11-124030289-124030290-C-T	1408.OR10G8.ENST00000431524.missense.223S/F	3	OR10G8	S223F	2	SIVCFILRI	ENST00000431524	NA	HLA-A*02:01	5	None	3	1	223.670	767.890	1.400	2.800	NA	NA	NA	NA	0.458	Poor	Pending
chr1-247531970-247531971-C-T	149.OR2C3.ENST00000366487.missense.181E/K	2	OR2C3	E181K	2	KMPLIMQLA	ENST00000366487	NA	HLA-A*02:01	1	None	2	1	267.630	4743.700	1.600	7.700	NA	NA	NA	NA	0.440	Poor	Pending
chr17-73414756-73414757-G-A	1763.SDK2.ENST00000392650.missense.791P/S	1	SDK2	P791S	1	WTLQGVSTV	ENST00000392650	5	HLA-A*02:01	7	None	1	1	275.160	39.560	1.600	0.360	NA	NA	NA	NA	0.302	Poor	Pending
chr22-37735067-37735068-C-T	2148.TRIOBP.ENST00000644935.missense.1578P/S	1	TRIOBP	P1578S	1	GVWARVSSL	ENST00000644935	NA	HLA-A*02:01	7	None	1	1	314.670	55.230	1.800	0.450	NA	NA	NA	NA	0.380	Poor	Pending
chr4-78379796-78379797-G-A	729.FRAS1.ENST00000325942.missense.1122D/N	2	FRAS1	D1122N	5	PLNFSLLNV	ENST00000325942	1	HLA-A*02:01	3	None	2	0	511.350	429.180	2.300	2.100	NA	NA	NA	NA	0.288	Poor	Pending
chr17-38343095-38343096-G-A	1752.GPR179.ENST00000616987.missense.232P/S	1	GPR179	P232S	1	RLSPSFLEC	ENST00000616987	1	HLA-A*02:01	5	None	1	0	528.480	602.740	2.300	2.500	NA	NA	NA	NA	0.463	Poor	Pending
chr6-165396395-165396396-G-A	1004.PDE10A.ENST00000539869.missense.714H/Y	1	PDE10A	H714Y	9	KLSYYSICT	ENST00000539869	1	HLA-A*02:01	5	None	1	0	547.690	2735.690	2.400	5.500	NA	NA	NA	NA	0.463	Poor	Pending
chr4-20596437-20596438-C-T	716.SLIT2.ENST00000504154.missense.1115P/L	4	SLIT2	P1115L	6	SLPMVLPRT	ENST00000504154	1	HLA-A*02:01	2	None	4	0	567.430	31300.860	2.400	44.000	NA	NA	NA	NA	0.214	Poor	Pending
chr12-52449550-52449551-C-T	1441.KRT6B.ENST00000252252.missense.332S/N	1	KRT6B	S332N	1	DLDNIIAEV	ENST00000252252	1	HLA-A*02:01	4	None	1	0	612.770	484.250	2.500	2.200	NA	NA	NA	NA	0.373	Poor	Pending
chr19-35668615-35668616-G-A	1843.UPK1A.ENST00000379013.missense.83G/S	3	UPK1A	G83S	2	MVASFGVSA	ENST00000379013	1	HLA-A*02:01	8	None	3	0	617.250	516.120	2.500	2.300	NA	NA	NA	NA	0.500	Poor	Pending
chr1-109092985-109092986-C-T	74.TMEM167B.ENST00000338272.missense.36S/L	1	TMEM167B	S36L	3	WLLLEKKGV	ENST00000338272	1	HLA-A*02:01	4	None	1	0	632.880	359.640	2.600	1.900	NA	NA	NA	NA	0.335	Poor	Pending
chr10-122983460-122983461-C-T	1262.PSTK.ENST00000368887.missense.233S/L	1	PSTK	S233L	3	CALEASLEV	ENST00000368887	1	HLA-A*02:01	3	None	1	0	677.310	2479.300	2.700	5.200	NA	NA	NA	NA	0.515	Poor	Pending
chr1-158329013-158329014-C-T	98.CD1B.ENST00000368168.missense.296R/K	3	CD1B	R296K	2	ILYWKNPTS	ENST00000368168	1	HLA-A*02:01	5	None	3	0	702.410	962.620	2.700	3.200	NA	NA	NA	NA	0.271	Poor	Pending
chr14-60436884-60436885-G-A	1524.C14orf39.ENST00000321731.missense.575S/L	2	C14orf39	S575L	5	FLSSSQNTT	ENST00000321731	1	HLA-A*02:01	2	None	2	0	708.250	23948.870	2.700	31.000	NA	NA	NA	NA	0.315	Poor	Pending
chr1-118016086-118016087-G-A	93.SPAG17.ENST00000336338.missense.1389H/Y	2	SPAG17	H1389Y	1	YIGTWFTTT	ENST00000336338	1	HLA-A*02:01	1	None	2	0	731.840	7830.800	2.800	12.000	NA	NA	NA	NA	0.426	Poor	Pending
chr8-2957696-2957697-T-C	1091.CSMD1.ENST00000335551.missense.2689I/M	1	CSMD1	I2689M	6	IQTECMPHA	ENST00000335551	1	HLA-A*02:01	6	None	1	0	801.890	458.700	2.900	2.200	NA	NA	NA	NA	0.600	Poor	Pending
chr17-1467989-1467990-G-A	1723.MYO1C.ENST00000545534.missense.941T/I	3	MYO1C	T941I	11	YANLIGISV	ENST00000545534	2	HLA-A*02:01	5	None	3	0	826.070	1767.120	3.000	4.400	NA	NA	NA	NA	0.387	Poor	Pending
chr4-188091634-188091635-G-A	747.TRIML2.ENST00000512729.missense.351T/I	4	TRIML2	T351I	8	MGTEWILWV	ENST00000512729	1	HLA-A*02:01	6	None	4	2	836.130	1697.460	3.000	4.300	NA	NA	NA	NA	0.273	Poor	Pending
chr19-615812-615813-T-G	1797.HCN2.ENST00000251287.missense.670L/R	1	HCN2	L670R	1	RLHKVQHDL	ENST00000251287	1	HLA-A*02:01	1	None	1	0	984.930	571.060	3.200	2.400	NA	NA	NA	NA	0.191	Poor	Pending
chr15-33543665-33543666-G-A	1561.RYR3.ENST00000634891.missense.231D/N	1	RYR3	D231N	4	RLFHGHNEC	ENST00000634891	1	HLA-A*02:01	7	None	1	0	1082.680	1629.770	3.400	4.200	NA	NA	NA	NA	0.305	Poor	Pending
chr1-71012478-71012479-C-T	56.PTGER3.ENST00000356595.missense.301M/I	1	PTGER3	M301I	6	LLIIMLKMI	ENST00000356595	1	HLA-A*02:01	4	None	1	0	1088.680	523.480	3.400	2.300	NA	NA	NA	NA	0.306	Poor	Pending
chr16-89280729-89280730-G-T	1720.ANKRD11.ENST00000378330.missense.1938P/T	1	ANKRD11	P1938T	3	PLDEGTFSA	ENST00000378330	1	HLA-A*02:01	6	None	1	0	1118.510	1666.360	3.400	4.200	NA	NA	NA	NA	0.277	Poor	Pending
chr15-56654218-56654219-G-A	1600.ZNF280D.ENST00000267807.missense.731P/L	1	ZNF280D	P731L	4	LTSEHLSEL	ENST00000267807	1	HLA-A*02:01	1	None	1	0	1148.580	18863.040	3.500	23.000	NA	NA	NA	NA	0.281	Poor	Pending
chr16-89114463-89114464-T-C	1704.ACSF3.ENST00000378345.missense.103L/P	2	ACSF3	L103P	12	ALSGPPTTA	ENST00000378345	1	HLA-A*02:01	6	None	2	0	1179.750	151.620	3.500	1.100	NA	NA	NA	NA	0.358	Poor	Pending
chr22-36316617-36316618-G-A	2120.MYH9.ENST00000216181.missense.427R/C	1	MYH9	R427C	18	RMFCWLVLR	ENST00000216181	1	HLA-A*02:01	4	None	1	0	1185.810	1363.930	3.500	3.800	NA	NA	NA	NA	0.158	Poor	Pending
chr1-214642998-214642999-C-T	137.CENPF.ENST00000366955.missense.1554S/F	1	CENPF	S1554F	5	FLCEVYRQS	ENST00000366955	1	HLA-A*02:01	1	None	1	0	1187.660	7541.670	3.600	12.000	NA	NA	NA	NA	0.368	Poor	Pending
chr2-191276917-191276918-C-T	306.MYO1B.ENST00000304164.missense.8T/I	2	MYO1B	T8I	43	KMEVKISLL	ENST00000304164	1	HLA-A*02:01	6	None	2	0	1204.790	2423.970	3.600	5.200	NA	NA	NA	NA	0.537	Poor	Pending
chr7-73435499-73435500-C-T	1026.FZD9.ENST00000344575.missense.498S/L	1	FZD9	S498L	1	LLPGGSVPT	ENST00000344575	NA	HLA-A*02:01	1	None	1	0	1205.010	1571.820	3.600	4.100	NA	NA	NA	NA	0.500	Poor	Pending
chr4-75012469-75012470-C-T	723.PARM1.ENST00000307428.missense.30S/F	3	PARM1	S30F	6	FLPTNIVPP	ENST00000307428	1	HLA-A*02:01	1	None	3	0	1232.360	6790.800	3.600	9.800	NA	NA	NA	NA	0.277	Poor	Pending
chr17-7768003-7768004-G-A	1733.DNAH2.ENST00000389173.missense.1260M/I	2	DNAH2	M1260I	2	ILQTETIET	ENST00000389173	2	HLA-A*02:01	7	None	2	1	1241.560	1231.390	3.600	3.600	NA	NA	NA	NA	0.460	Poor	Pending
chr11-17509695-17509696-G-A	1315.USH1C.ENST00000005226.missense.558P/L	1	USH1C	P558L	1	KTLSALPVM	ENST00000005226	5	HLA-A*02:01	3	None	1	0	1264.900	8277.200	3.700	12.000	NA	NA	NA	NA	0.676	Poor	Pending
chr13-33105635-33105636-G-A	1488.STARD13.ENST00000336934.missense.1100S/F	1	STARD13	S1100F	5	RIRNFFQPL	ENST00000336934	1	HLA-A*02:01	5	None	1	0	1333.340	3421.660	3.800	6.400	NA	NA	NA	NA	0.659	Poor	Pending
chr1-13321827-13321828-G-A	1.PRAMEF15.ENST00000376152.missense.334R/K	1	PRAMEF15	R334K	1	TLDLSGIKL	ENST00000376152	1	HLA-A*02:01	8	None	1	0	1413.060	1103.840	3.900	3.400	NA	NA	NA	NA	0.384	Poor	Pending
chr17-31431895-31431896-G-A	1750.RAB11FIP4.ENST00000621161.missense.81M/I	1	RAB11FIP4	M81I	3	FAIKGCEEL	ENST00000621161	1	HLA-A*02:01	3	None	1	0	1543.280	575.200	4.100	2.400	NA	NA	NA	NA	0.222	Poor	Pending
chr3-127012003-127012004-G-T	633.PLXNA1.ENST00000393409.missense.720G/V	3	PLXNA1	G720V	1	QIYVPVVVV	ENST00000393409	1	HLA-A*02:01	7	None	3	0	1553.290	3956.490	4.100	6.900	NA	NA	NA	NA	0.387	Poor	Pending
chr22-49823988-49823989-G-A	2172.BRD1.ENST00000216267.missense.110T/M	1	BRD1	T110M	24	GMPASASAL	ENST00000216267	1	HLA-A*02:01	2	None	1	0	1673.460	16256.390	4.200	20.000	NA	NA	NA	NA	0.233	Poor	Pending
chr11-61735623-61735624-C-T	1342.DAGLA.ENST00000257215.missense.398R/W	2	DAGLA	R398W	6	KVVISIWGT	ENST00000257215	1	HLA-A*02:01	7	None	2	0	1930.940	18881.830	4.500	23.000	NA	NA	NA	NA	0.108	Poor	Pending
chr9-87886948-87886949-C-T	1172.SPATA31E1.ENST00000325643.missense.821S/F	1	SPATA31E1	S821F	1	NTFQELSFL	ENST00000325643	1	HLA-A*02:01	3	None	1	0	1953.380	10157.320	4.600	14.000	NA	NA	NA	NA	0.344	Poor	Pending
chr11-55795726-55795727-C-T	1341.OR5D14.ENST00000335605.missense.58H/Y	2	OR5D14	H58Y	1	FYTPMYFFL	ENST00000335605	NA	HLA-A*02:01	2	None	2	0	2098.820	4284.540	4.800	7.300	NA	NA	NA	NA	0.525	Poor	Pending
chr20-25076534-25076535-G-A	1993.VSX1.ENST00000376709.missense.275S/F	1	VSX1	S275F	1	GMHKKFMGM	ENST00000376709	1	HLA-A*02:01	6	None	1	0	2167.990	4337.200	4.900	7.300	NA	NA	NA	NA	0.541	Poor	Pending
chr8-109435335-109435336-G-A	1159.PKHD1L1.ENST00000378402.missense.1163D/N	2	PKHD1L1	D1163N	1	HIWPNSGSI	ENST00000378402	1	HLA-A*02:01	5	None	2	0	2241.700	2044.110	4.900	4.700	NA	NA	NA	NA	0.784	Poor	Pending
chr14-19935681-19935682-G-A	1509.OR4K1.ENST00000285600.missense.6E/K	1	OR4K1	E6K	3	KSMVSEFVL	ENST00000285600	NA	HLA-A*02:01	1	None	1	0	2318.490	10841.400	5.100	15.000	NA	NA	NA	NA	0.205	Poor	Pending
chr22-37374389-37374390-G-A	2138.ELFN2.ENST00000402918.missense.382P/L	2	ELFN2	P382L	3	LTFTTRDLV	ENST00000402918	4	HLA-A*02:01	8	None	2	0	2456.340	1464.100	5.200	4.000	NA	NA	NA	NA	0.315	Poor	Pending
chr5-38484861-38484862-C-T	763.LIFR.ENST00000263409.missense.835G/E	3	LIFR	G835E	7	NSVELIIAI	ENST00000263409	1	HLA-A*02:01	4	None	3	0	2464.990	2534.740	5.200	5.300	NA	NA	NA	NA	0.273	Poor	Pending
chr10-122643326-122643327-G-A	1249.DMBT1.ENST00000338354.missense.2520E/K	1	DMBT1	E2520K	14	YQKKVDVVL	ENST00000338354	1	HLA-A*02:01	3	None	1	0	2477.660	1691.410	5.200	4.300	NA	NA	NA	NA	0.784	Poor	Pending
chr1-109297173-109297174-G-A	77.MYBPHL.ENST00000357155.missense.149P/L	2	MYBPHL	P149L	6	LQSIKLVDV	ENST00000357155	1	HLA-A*02:01	1	None	2	0	2548.410	26626.910	5.300	35.000	NA	NA	NA	NA	0.318	Poor	Pending
chr6-56171074-56171075-C-T	927.COL21A1.ENST00000244728.missense.232D/N	1	COL21A1	D232N	2	RGFNILLGL	ENST00000244728	1	HLA-A*02:01	4	None	1	0	2571.570	1848.490	5.300	4.500	NA	NA	NA	NA	0.248	Poor	Pending
chr5-80320912-80320913-G-A	780.SPZ1.ENST00000296739.missense.233R/K	1	SPZ1	R233K	1	KLNVQEETM	ENST00000296739	NA	HLA-A*02:01	1	None	1	0	2691.000	3356.310	5.500	6.300	NA	NA	NA	NA	0.357	Poor	Pending
chr5-1402958-1402959-G-A	754.SLC6A3.ENST00000270349.missense.577A/V	2	SLC6A3	A577V	3	YAVYKFCSL	ENST00000270349	1	HLA-A*02:01	3	None	2	1	2739.150	1980.540	5.500	4.600	NA	NA	NA	NA	0.371	Poor	Pending
chr2-162504473-162504474-C-T	219.KCNH7.ENST00000332142.missense.366R/Q	1	KCNH7	R366Q	2	KVKDQTHNV	ENST00000332142	1	HLA-A*02:01	5	None	1	0	2892.640	4780.120	5.700	7.800	NA	NA	NA	NA	0.368	Poor	Pending
chr6-106654759-106654760-G-A	941.QRSL1.ENST00000369046.missense.294V/I	2	QRSL1	V294I	6	ELSSEIQSL	ENST00000369046	1	HLA-A*02:01	6	None	2	0	2963.060	4197.180	5.800	7.100	NA	NA	NA	NA	0.452	Poor	Pending
chr16-57436704-57436705-G-A	1642.CIAPIN1.ENST00000394391.missense.113S/F	1	CIAPIN1	S113F	19	KTAFKLCSA	ENST00000394391	1	HLA-A*02:01	4	None	1	0	3006.980	2539.380	5.900	5.300	NA	NA	NA	NA	0.358	Poor	Pending
chr18-53207711-53207712-G-A	1785.DCC.ENST00000442544.missense.586E/K	1	DCC	E586K	2	GLSYKLKGL	ENST00000442544	1	HLA-A*02:01	7	None	1	0	3024.370	278.950	5.900	1.600	NA	NA	NA	NA	0.384	Poor	Pending
chr1-59904945-59904946-C-T	36.CYP2J2.ENST00000371204.missense.372M/I	1	CYP2J2	M372I	3	AVIHEVQRI	ENST00000371204	1	HLA-A*02:01	9	None	1	0	3064.000	10706.640	5.900	15.000	NA	NA	NA	NA	0.283	Poor	Pending
chr5-141122395-141122396-C-T	808.PCDHB4.ENST00000194152.missense.133P/L	1	PCDHB4	P133L	1	IFLEREVLL	ENST00000194152	NA	HLA-A*02:01	3	None	1	0	3149.640	10976.540	6.100	15.000	NA	NA	NA	NA	0.271	Poor	Pending
chr14-91693151-91693152-G-A	1555.CATSPERB.ENST00000256343.missense.269R/C	2	CATSPERB	R269C	1	FVSEDLCYP	ENST00000256343	1	HLA-A*02:01	7	None	2	0	3285.360	11335.370	6.200	15.000	NA	NA	NA	NA	0.365	Poor	Pending
chr5-140870231-140870232-G-C	806.PCDHA11.ENST00000398640.missense.377D/H	1	PCDHA11	D377H	2	SVSDRHSGV	ENST00000398640	1	HLA-A*02:01	6	None	1	0	3389.420	4771.340	6.300	7.800	NA	NA	NA	NA	0.346	Poor	Pending
chr1-202740743-202740744-G-A	112.KDM5B.ENST00000367264.missense.1041P/L	1	KDM5B	P1041L	16	YLLNGAALK	ENST00000367264	1	HLA-A*02:01	3	None	1	0	3407.990	8802.890	6.400	13.000	NA	NA	NA	NA	0.226	Poor	Pending
chr7-77196613-77196614-G-A	1027.FGL2.ENST00000248598.missense.329R/C	1	FGL2	R329C	1	FLKYCLHVG	ENST00000248598	1	HLA-A*02:01	5	None	1	0	3484.160	11474.440	6.400	16.000	NA	NA	NA	NA	0.275	Poor	Pending
chr4-68929858-68929859-G-A	719.UGT2A3.ENST00000251566.missense.513S/F	1	UGT2A3	S513F	3	FLFFCQKFN	ENST00000251566	1	HLA-A*02:01	4	None	1	0	3950.640	3733.290	6.900	6.700	NA	NA	NA	NA	0.290	Poor	Pending
chr3-169116408-169116409-G-A	668.MECOM.ENST00000264674.missense.365S/F	1	MECOM	S365F	9	GFFFSFPGL	ENST00000264674	1	HLA-A*02:01	3	None	1	0	3975.550	9917.960	6.900	14.000	NA	NA	NA	NA	0.365	Poor	Pending
chr1-47106128-47106129-G-A	20.CYP4Z1.ENST00000334194.missense.357E/K	1	CYP4Z1	E357K	1	ITWKHLSQM	ENST00000334194	1	HLA-A*02:01	4	None	1	0	3984.160	542.460	6.900	2.400	NA	NA	NA	NA	0.333	Poor	Pending
chr7-2605896-2605897-C-T	1013.IQCE.ENST00000402050.missense.589P/S	1	IQCE	P589S	9	RVSSPIAQA	ENST00000402050	1	HLA-A*02:01	3	None	1	0	3994.650	2994.710	7.000	5.900	NA	NA	NA	NA	0.412	Poor	Pending
chr20-36935176-36935177-G-A	2029.SAMHD1.ENST00000262878.missense.121P/S	1	SAMHD1	P121S	10	TMKVINDSI	ENST00000262878	1	HLA-A*02:01	8	None	1	0	4008.330	1911.380	7.000	4.500	NA	NA	NA	NA	0.173	Poor	Pending
chr3-151817434-151817435-G-A	638.AADAC.ENST00000232892.missense.70E/K	3	AADAC	E70K	10	GSFDKVPPT	ENST00000232892	1	HLA-A*02:01	5	None	3	2	4244.770	5016.830	7.200	8.000	NA	NA	NA	NA	0.317	Poor	Pending
chr14-24255076-24255077-G-A	1514.TGM1.ENST00000206765.missense.608R/C	1	TGM1	R608C	3	CTVKLHLYL	ENST00000206765	1	HLA-A*02:01	1	None	1	0	4331.480	1826.680	7.300	4.400	NA	NA	NA	NA	0.288	Poor	Pending
chrX-106207185-106207186-C-T	2202.PWWP3B.ENST00000357175.missense.585S/L	1	PWWP3B	S585L	25	KLFLNANRF	ENST00000357175	2	HLA-A*02:01	2	None	1	0	4367.150	24287.840	7.300	31.000	NA	NA	NA	NA	0.714	Poor	Pending
chr14-64743266-64743267-C-T	1533.PLEKHG3.ENST00000634379.missense.1096P/L	1	PLEKHG3	P1096L	11	PLVNRSHSV	ENST00000634379	1	HLA-A*02:01	2	None	1	0	4417.720	38612.310	7.400	67.000	NA	NA	NA	NA	0.323	Poor	Pending
chr2-215037015-215037016-C-A	351.ABCA12.ENST00000272895.missense.308G/C	1	ABCA12	G308C	1	ATNECFRTL	ENST00000272895	1	HLA-A*02:01	5	None	1	0	4792.290	6538.090	7.800	9.500	NA	NA	NA	NA	0.457	Poor	Pending
chr19-16890498-16890499-G-A	1836.F2RL3.ENST00000248076.missense.346E/K	1	F2RL3	E346K	1	FIYYYVSAK	ENST00000248076	1	HLA-A*02:01	9	None	1	0	4957.480	4178.560	8.000	7.100	NA	NA	NA	NA	0.464	Poor	Pending
chr19-55858116-55858117-G-A	1973.NLRP4.ENST00000301295.missense.242E/K	1	NLRP4	E242K	1	GLNKPDSDL	ENST00000301295	1	HLA-A*02:01	4	None	1	0	5102.560	993.860	8.100	3.200	NA	NA	NA	NA	0.270	Poor	Pending
chr14-77341937-77341938-C-A	1547.TMED8.ENST00000216468.missense.271G/C	1	TMED8	G271C	1	SLRCRYGEV	ENST00000216468	1	HLA-A*02:01	4	None	1	0	5235.490	5474.750	8.200	8.500	NA	NA	NA	NA	0.283	Poor	Pending
chr3-183752130-183752131-C-T	677.YEATS2.ENST00000305135.missense.343S/F	1	YEATS2	S343F	1	CIYPQFSES	ENST00000305135	1	HLA-A*02:01	6	None	1	0	5492.730	14224.870	8.500	18.000	NA	NA	NA	NA	0.349	Poor	Pending
chr19-18618422-18618423-C-T	1841.TMEM59L.ENST00000594709.missense.125R/C	2	TMEM59L	R125C	1	LLPLPLCAG	ENST00000594709	3	HLA-A*02:01	7	None	2	1	5632.230	15450.380	8.600	20.000	NA	NA	NA	NA	0.273	Poor	Pending
chr2-48580714-48580715-C-T	157.STON1.ENST00000404752.missense.28P/S	1	STON1	P28S	1	SQKSKNFSL	ENST00000404752	1	HLA-A*02:01	8	None	1	0	5652.010	3109.950	8.700	6.000	NA	NA	NA	NA	0.268	Poor	Pending
chr3-165037945-165037946-C-T	661.SI.ENST00000264382.missense.794G/S	1	SI	G794S	1	GLHLRGSYI	ENST00000264382	1	HLA-A*02:01	7	None	1	0	5680.090	10103.930	8.700	14.000	NA	NA	NA	NA	0.314	Poor	Pending
chr4-10446248-10446249-G-A	700.ZNF518B.ENST00000326756.missense.27P/L	1	ZNF518B	P27L	1	TMSPKQLDA	ENST00000326756	3	HLA-A*02:01	7	None	1	0	5759.790	6519.510	8.800	9.500	NA	NA	NA	NA	0.361	Poor	Pending
chr3-187197767-187197768-G-A	693.RTP1.ENST00000312295.missense.85E/K	1	RTP1	E85K	1	KQYLKLHAS	ENST00000312295	1	HLA-A*02:01	5	None	1	0	5801.890	5758.550	8.800	8.800	NA	NA	NA	NA	0.310	Poor	Pending
chr11-555889-555890-G-A	1285.LMNTD2.ENST00000329451.missense.473A/V	1	LMNTD2	A473V	1	RIPRRETPV	ENST00000329451	1	HLA-A*02:01	9	None	1	0	5961.160	16705.910	9.000	21.000	NA	NA	NA	NA	0.143	Poor	Pending
chr11-66871448-66871449-T-C	1348.PC.ENST00000393955.missense.118Y/C	1	PC	Y118C	1	AVHPGCGFL	ENST00000393955	1	HLA-A*02:01	6	None	1	0	6055.690	6250.740	9.000	9.200	NA	NA	NA	NA	0.577	Poor	Pending
chr14-18601684-18601685-A-T	1508.OR11H12.ENST00000550708.missense.190D/V	1	OR11H12	D190V	1	CGPNIIVHV	ENST00000550708	NA	HLA-A*02:01	7	None	1	0	6418.100	11227.220	9.400	15.000	NA	NA	NA	NA	0.149	Poor	Pending
chr19-17632803-17632804-C-T	1839.UNC13A.ENST00000551649.missense.1136D/N	1	UNC13A	D1136N	1	ELPAFKNRV	ENST00000551649	5	HLA-A*02:01	7	None	1	0	6479.850	7280.140	9.500	12.000	NA	NA	NA	NA	0.318	Poor	Pending
chr11-46615986-46615987-G-A	1331.HARBI1.ENST00000326737.missense.84S/F	1	HARBI1	S84F	1	ALGFYTSGF	ENST00000326737	1	HLA-A*02:01	9	None	1	0	6890.340	6423.590	9.900	9.400	NA	NA	NA	NA	0.162	Poor	Pending
chr9-123370148-123370149-C-T	1181.CRB2.ENST00000373631.missense.366P/S	1	CRB2	P366S	1	CLSDSCLHG	ENST00000373631	1	HLA-A*02:01	5	None	1	0	6953.630	8995.460	9.900	13.000	NA	NA	NA	NA	0.202	Poor	Pending
chr22-36289106-36289107-G-A	2101.MYH9.ENST00000216181.missense.1512S/F	1	MYH9	S1512F	1	DLMSFKDDV	ENST00000216181	1	HLA-A*02:01	5	None	1	0	7363.720	16239.870	12.000	20.000	NA	NA	NA	NA	0.306	Poor	Pending
chr19-4292672-4292673-C-T	1798.TMIGD2.ENST00000301272.missense.259V/I	1	TMIGD2	V259I	1	SMIRVSPRP	ENST00000301272	1	HLA-A*02:01	3	None	1	0	7364.600	11092.120	12.000	15.000	NA	NA	NA	NA	0.340	Poor	Pending
chr16-67676000-67676001-G-A	1663.GFOD2.ENST00000602627.missense.101S/F	1	GFOD2	S101F	1	RQQHRWMPF	ENST00000602627	3	HLA-A*02:01	9	None	1	0	7453.100	12280.270	12.000	16.000	NA	NA	NA	NA	0.351	Poor	Pending
chr1-114716123-114716124-C-G	89.NRAS.ENST00000369535.missense.13G/R	1	NRAS	G13R	1	RVGKSALTI	ENST00000369535	1	HLA-A*02:01	1	None	1	0	7459.390	11060.830	12.000	15.000	NA	NA	NA	NA	0.388	Poor	Pending
chr8-39610612-39610613-G-A	1102.ADAM18.ENST00000265707.missense.143M/I	1	ADAM18	M143I	1	RFEHIIYQI	ENST00000265707	1	HLA-A*02:01	9	None	1	0	7531.480	12302.360	12.000	16.000	NA	NA	NA	NA	0.767	Poor	Pending
chr15-64381343-64381344-G-A	1604.PCLAF.ENST00000300035.missense.10P/S	1	PCLAF	P10S	1	SVSGTYRKV	ENST00000300035	1	HLA-A*02:01	3	None	1	0	7542.980	6745.400	12.000	9.700	NA	NA	NA	NA	0.336	Poor	Pending
chr3-108353666-108353667-G-A	561.HHLA2.ENST00000357759.missense.102G/E	1	HHLA2	G102E	1	IQNENASLF	ENST00000357759	1	HLA-A*02:01	4	None	1	0	7554.580	12874.590	12.000	17.000	NA	NA	NA	NA	0.312	Poor	Pending
chr12-47974697-47974698-C-T	1439.COL2A1.ENST00000380518.missense.1351E/K	1	COL2A1	E1351K	1	KTINGGFHF	ENST00000380518	1	HLA-A*02:01	1	None	1	0	7746.870	25348.360	12.000	33.000	NA	NA	NA	NA	0.285	Poor	Pending
chr2-137618414-137618415-G-A	211.THSD7B.ENST00000409968.missense.1197E/K	1	THSD7B	E1197K	1	CQLSKNAPC	ENST00000409968	5	HLA-A*02:01	5	None	1	0	7785.770	7503.500	12.000	12.000	NA	NA	NA	NA	0.347	Poor	Pending
chr7-138861211-138861212-G-A	1046.KIAA1549.ENST00000422774.missense.1725S/F	1	KIAA1549	S1725F	1	GLPANSTPF	ENST00000422774	1	HLA-A*02:01	9	None	1	0	7796.730	12568.210	12.000	17.000	NA	NA	NA	NA	0.329	Poor	Pending
chrX-108620345-108620346-G-T	2226.COL4A5.ENST00000328300.missense.866G/V	1	COL4A5	G866V	1	VIPGAPGPI	ENST00000328300	1	HLA-A*02:01	1	None	1	0	7956.180	10233.320	12.000	14.000	NA	NA	NA	NA	0.700	Poor	Pending
chr1-176769609-176769610-G-A	104.PAPPA2.ENST00000367662.missense.1443E/K	1	PAPPA2	E1443K	1	MQKKILLTC	ENST00000367662	1	HLA-A*02:01	4	None	1	0	7999.330	2983.580	12.000	5.800	NA	NA	NA	NA	0.281	Poor	Pending
chr3-69119666-69119667-C-T	531.LMOD3.ENST00000420581.missense.230V/I	2	LMOD3	V230I	3	FLKISTRPS	ENST00000420581	1	HLA-A*02:01	4	None	2	1	8025.780	7602.050	12.000	12.000	NA	NA	NA	NA	0.460	Poor	Pending
chr20-18041701-18041702-C-T	1992.OVOL2.ENST00000278780.missense.115D/N	1	OVOL2	D115N	1	TTGTCSNSV	ENST00000278780	1	HLA-A*02:01	7	None	1	0	8158.680	10523.120	12.000	15.000	NA	NA	NA	NA	0.558	Poor	Pending
chr2-21007407-21007408-C-T	154.APOB.ENST00000233242.missense.3154E/K	1	APOB	E3154K	1	FSLWKKTGL	ENST00000233242	1	HLA-A*02:01	5	None	1	0	8364.990	5911.450	13.000	8.900	NA	NA	NA	NA	0.495	Poor	Pending
chr6-136278729-136278730-G-A	989.BCLAF1.ENST00000531224.missense.51R/C	1	BCLAF1	R51C	1	CMYSRDYRR	ENST00000531224	1	HLA-A*02:01	1	None	1	0	8501.670	5555.360	13.000	8.600	NA	NA	NA	NA	0.254	Poor	Pending
chr19-51014879-51014880-C-T	1866.KLK10.ENST00000309958.missense.251G/S	1	KLK10	G251S	1	CSSAQHPAV	ENST00000309958	1	HLA-A*02:01	2	None	1	0	8511.430	17214.370	13.000	21.000	NA	NA	NA	NA	0.424	Poor	Pending
chr22-37495777-37495778-G-A	2141.CARD10.ENST00000251973.missense.762T/I	1	CARD10	T762I	1	TLRDLDRGI	ENST00000251973	1	HLA-A*02:01	9	None	1	0	8523.960	25460.240	13.000	33.000	NA	NA	NA	NA	0.425	Poor	Pending
chr8-97819142-97819143-C-T	1150.LAPTM4B.ENST00000445593.missense.229P/S	1	LAPTM4B	P229S	1	RQLPSNFPY	ENST00000445593	1	HLA-A*02:01	5	None	1	0	8932.810	10422.500	13.000	14.000	NA	NA	NA	NA	0.774	Poor	Pending
chr3-44594962-44594963-C-T	507.ZNF660.ENST00000322734.missense.257S/F	1	ZNF660	S257F	1	KAFTFNRNL	ENST00000322734	2	HLA-A*02:01	5	None	1	0	8960.200	19015.490	13.000	24.000	NA	NA	NA	NA	0.328	Poor	Pending
chr7-132298145-132298146-C-T	1043.PLXNA4.ENST00000321063.missense.483R/Q	1	PLXNA4	R483Q	1	VLQDMAFSK	ENST00000321063	5	HLA-A*02:01	3	None	1	0	9328.800	15221.230	13.000	19.000	NA	NA	NA	NA	0.141	Poor	Pending
chr7-43623841-43623842-G-C	1021.STK17A.ENST00000319357.missense.292E/Q	1	STK17A	E292Q	1	LSQSAVDFI	ENST00000319357	1	HLA-A*02:01	3	None	1	0	9340.020	15882.250	13.000	20.000	NA	NA	NA	NA	0.197	Poor	Pending
chr19-53237269-53237270-G-A	1884.ZNF677.ENST00000598513.missense.486P/L	1	ZNF677	P486L	1	KLYKCTECG	ENST00000598513	1	HLA-A*02:01	2	None	1	0	9436.110	40964.300	14.000	77.000	NA	NA	NA	NA	0.345	Poor	Pending
chr8-93734353-93734354-G-A	1109.RBM12B.ENST00000517700.missense.686P/L	1	RBM12B	P686L	1	RLLQGEWRR	ENST00000517700	1	HLA-A*02:01	2	None	1	0	9482.270	42026.050	14.000	82.000	NA	NA	NA	NA	0.727	Poor	Pending
chr18-23356609-23356610-C-T	1768.TMEM241.ENST00000383233.missense.219G/S	2	TMEM241	G219S	12	SSCCASGFL	ENST00000383233	1	HLA-A*02:01	1	None	2	1	9637.210	11374.200	14.000	15.000	NA	NA	NA	NA	0.304	Poor	Pending
chr22-39315542-39315543-G-T	2151.RPL3.ENST00000216146.missense.172P/T	1	RPL3	P172T	1	HTQMRLLTL	ENST00000216146	1	HLA-A*02:01	8	None	1	0	9666.870	6056.930	14.000	9.000	NA	NA	NA	NA	0.400	Poor	Pending
chr3-38725202-38725203-C-T	482.SCN10A.ENST00000449082.missense.1067D/N	1	SCN10A	D1067N	1	WKNESVPQV	ENST00000449082	1	HLA-A*02:01	3	None	1	0	9910.340	5203.810	14.000	8.200	NA	NA	NA	NA	0.385	Poor	Pending
chr19-41242980-41242981-C-T	1855.AXL.ENST00000301178.missense.471L/F	2	AXL	L471F	8	ILALFFVHR	ENST00000301178	1	HLA-A*02:01	6	None	2	1	9928.260	9561.390	14.000	14.000	NA	NA	NA	NA	0.306	Poor	Pending
chr14-91683926-91683927-C-T	1554.CATSPERB.ENST00000256343.missense.294G/E	1	CATSPERB	G294E	1	RVDYVKEKL	ENST00000256343	1	HLA-A*02:01	7	None	1	0	9978.890	14069.350	14.000	18.000	NA	NA	NA	NA	0.290	Poor	Pending
chr5-35965474-35965475-C-T	757.UGT3A1.ENST00000274278.missense.252D/N	1	UGT3A1	D252N	1	WFVNSNFAF	ENST00000274278	1	HLA-A*02:01	6	None	1	0	10204.790	9542.270	14.000	14.000	NA	NA	NA	NA	0.333	Poor	Pending
chr11-18269780-18269781-G-A	1316.SAA1.ENST00000356524.missense.99A/T	1	SAA1	A99T	1	SLADQTANE	ENST00000356524	1	HLA-A*02:01	6	None	1	0	10231.880	12998.880	14.000	17.000	NA	NA	NA	NA	0.514	Poor	Pending
chr5-140802173-140802174-G-A	804.PCDHA3.ENST00000522353.missense.326G/E	1	PCDHA3	G326E	1	ATDKENPPM	ENST00000522353	1	HLA-A*02:01	5	None	1	0	10258.260	5073.220	14.000	8.100	NA	NA	NA	NA	0.323	Poor	Pending
chr2-187496933-187496934-C-T	262.TFPI.ENST00000233156.missense.89G/E	1	TFPI	G89E	1	FIYGGCEEN	ENST00000233156	1	HLA-A*02:01	8	None	1	0	10315.690	9368.350	14.000	13.000	NA	NA	NA	NA	0.259	Poor	Pending
chr17-47815236-47815237-G-A	1755.OSBPL7.ENST00000007414.missense.412S/F	1	OSBPL7	S412F	1	LLFASSSEN	ENST00000007414	1	HLA-A*02:01	3	None	1	0	10349.340	22590.680	14.000	28.000	NA	NA	NA	NA	0.308	Poor	Pending
chr18-72858854-72858855-C-T	1790.NETO1.ENST00000327305.missense.147G/E	1	NETO1	G147E	1	ELESMEFSA	ENST00000327305	1	HLA-A*02:01	6	None	1	0	10558.710	12089.510	15.000	16.000	NA	NA	NA	NA	0.324	Poor	Pending
chr11-30411486-30411487-G-A	1322.MPPED2.ENST00000358117.missense.289P/L	1	MPPED2	P289L	1	IIFDLLNPQ	ENST00000358117	1	HLA-A*02:01	6	None	1	0	10782.790	15517.390	15.000	20.000	NA	NA	NA	NA	0.561	Poor	Pending
chr6-56635695-56635696-C-T	929.DST.ENST00000244364.missense.490E/K	1	DST	E490K	1	KATDYLRNL	ENST00000244364	1	HLA-A*02:01	1	None	1	0	11053.650	28715.710	15.000	39.000	NA	NA	NA	NA	0.489	Poor	Pending
chr2-66512243-66512244-C-T	170.MEIS1.ENST00000272369.missense.280P/S	1	MEIS1	P280S	1	IFSKVATNI	ENST00000272369	1	HLA-A*02:01	3	None	1	0	11300.840	14607.310	15.000	19.000	NA	NA	NA	NA	0.520	Poor	Pending
chr22-36141528-36141529-C-T	2080.APOL3.ENST00000349314.missense.294E/K	1	APOL3	E294K	1	TIGSKIRAI	ENST00000349314	1	HLA-A*02:01	5	None	1	0	11654.500	8229.070	16.000	12.000	NA	NA	NA	NA	0.289	Poor	Pending
chr6-10935175-10935176-C-T	826.SYCP2L.ENST00000283141.missense.601A/V	1	SYCP2L	A601V	1	AFLTAEDSV	ENST00000283141	1	HLA-A*02:01	9	None	1	0	12027.140	25827.310	16.000	34.000	NA	NA	NA	NA	0.380	Poor	Pending
chr19-13116347-13116348-G-A	1816.TRMT1.ENST00000437766.missense.18L/F	1	TRMT1	L18F	1	RSARVFSRA	ENST00000437766	1	HLA-A*02:01	6	None	1	0	12297.030	14112.350	16.000	18.000	NA	NA	NA	NA	0.380	Poor	Pending
chr12-4726713-4726714-C-T	1418.GALNT8.ENST00000252318.missense.132L/F	1	GALNT8	L132F	1	RQWGEDFSE	ENST00000252318	1	HLA-A*02:01	7	None	1	0	12390.790	16461.180	16.000	21.000	NA	NA	NA	NA	0.500	Poor	Pending
chr7-140753336-140753337-C-T	1073.BRAF.ENST00000288602.missense.640V/M	1	BRAF	V640M	1	IGDFGLATM	ENST00000288602	1	HLA-A*02:01	9	None	1	0	12840.780	2217.600	17.000	4.900	NA	NA	NA	NA	0.345	Poor	Pending
chr16-3557668-3557669-C-T	1614.NLRC3.ENST00000359128.missense.675E/K	1	NLRC3	E675K	1	KISLAKNQI	ENST00000359128	1	HLA-A*02:01	6	None	1	0	13439.510	6975.630	17.000	9.900	NA	NA	NA	NA	0.200	Poor	Pending
chr6-31627103-31627104-C-T	920.PRRC2A.ENST00000376007.missense.399P/L	1	PRRC2A	P399L	1	AWAETSRPL	ENST00000376007	1	HLA-A*02:01	9	None	1	0	13715.540	34126.130	18.000	52.000	NA	NA	NA	NA	0.340	Poor	Pending
chr1-215900827-215900828-G-A	142.USH2A.ENST00000307340.missense.2460R/C	1	USH2A	R2460C	1	QVVWSTPAC	ENST00000307340	1	HLA-A*02:01	9	None	1	0	13813.230	25402.180	18.000	33.000	NA	NA	NA	NA	0.381	Poor	Pending
chr3-69879216-69879217-T-A	535.MITF.ENST00000352241.missense.63L/H	1	MITF	L63H	1	RILLRQQHM	ENST00000352241	1	HLA-A*02:01	8	None	1	0	14509.960	9808.470	19.000	14.000	NA	NA	NA	NA	0.436	Poor	Pending
chr19-58471732-58471733-A-G	1977.ZNF324.ENST00000196482.missense.414K/R	1	ZNF324	K414R	1	SSLFRHQRV	ENST00000196482	1	HLA-A*02:01	5	None	1	0	14939.130	14390.040	19.000	18.000	NA	NA	NA	NA	0.250	Poor	Pending
chr17-42687798-42687799-C-T	1753.CNTNAP1.ENST00000264638.missense.375P/L	1	CNTNAP1	P375L	1	FVQVLGFPR	ENST00000264638	1	HLA-A*02:01	5	None	1	0	15133.380	18236.500	19.000	23.000	NA	NA	NA	NA	0.261	Poor	Pending
chr16-70254660-70254661-G-A	1664.AARS1.ENST00000261772.missense.787P/L	1	AARS1	P787L	1	AQTALNKDV	ENST00000261772	1	HLA-A*02:01	5	None	1	0	15144.850	19194.290	19.000	24.000	NA	NA	NA	NA	0.413	Poor	Pending
chr5-80438696-80438697-C-T	793.ZFYVE16.ENST00000338008.missense.671P/L	1	ZFYVE16	P671L	1	VLDTIESEP	ENST00000338008	1	HLA-A*02:01	2	None	1	0	15243.480	42208.330	19.000	82.000	NA	NA	NA	NA	0.340	Poor	Pending
chr2-71664346-71664347-G-A	188.DYSF.ENST00000410020.missense.1695D/N	1	DYSF	D1695N	1	DLLSKNEKI	ENST00000410020	1	HLA-A*02:01	6	None	1	0	15243.650	17642.030	19.000	22.000	NA	NA	NA	NA	0.325	Poor	Pending
chr20-3148003-3148004-A-G	1988.FASTKD5.ENST00000380266.missense.356L/S	1	FASTKD5	L356S	1	LSSRSSVNI	ENST00000380266	1	HLA-A*02:01	6	None	1	0	15266.920	9101.890	19.000	13.000	NA	NA	NA	NA	0.592	Poor	Pending
chr22-39052352-39052353-G-A	2149.APOBEC3F.ENST00000308521.missense.335D/N	1	APOBEC3F	D335N	1	IMGYKNFKY	ENST00000308521	1	HLA-A*02:01	6	None	1	0	15822.910	15157.140	20.000	19.000	NA	NA	NA	NA	0.350	Poor	Pending
chr4-90308489-90308490-G-C	736.CCSER1.ENST00000509176.missense.69S/T	1	CCSER1	S69T	1	SIFRTPSIT	ENST00000509176	1	HLA-A*02:01	9	None	1	0	15921.650	21678.360	20.000	27.000	NA	NA	NA	NA	0.310	Poor	Pending
chr20-48994556-48994557-G-C	2051.ARFGEF2.ENST00000371917.missense.1027G/A	1	ARFGEF2	G1027A	1	SLKAHTLAG	ENST00000371917	1	HLA-A*02:01	4	None	1	0	16010.800	17949.910	20.000	22.000	NA	NA	NA	NA	0.130	Poor	Pending
chrX-152959777-152959778-G-A	2244.ZNF185.ENST00000370268.missense.496G/S	1	ZNF185	G496S	1	RSGQGDPAV	ENST00000370268	1	HLA-A*02:01	2	None	1	0	16535.260	25639.920	21.000	33.000	NA	NA	NA	NA	0.562	Poor	Pending
chr4-70409619-70409620-C-T	722.OPRPN.ENST00000399575.missense.98L/F	2	OPRPN	L98F	1	RQPRFFPGY	ENST00000399575	1	HLA-A*02:01	5	None	2	0	16732.150	20696.680	21.000	26.000	NA	NA	NA	NA	0.353	Poor	Pending
chr19-55691894-55691895-C-T	1888.EPN1.ENST00000411543.missense.388P/S	1	EPN1	P388S	1	WGGPPVSPA	ENST00000411543	1	HLA-A*02:01	7	None	1	0	16790.180	12514.740	21.000	17.000	NA	NA	NA	NA	0.292	Poor	Pending
chr12-125654034-125654035-G-A	1485.TMEM132B.ENST00000613307.missense.366M/I	1	TMEM132B	M366I	1	KSTTPQSPI	ENST00000613307	1	HLA-A*02:01	9	None	1	0	16830.010	23375.910	21.000	30.000	NA	NA	NA	NA	0.319	Poor	Pending
chr9-33797910-33797911-C-T	1169.PRSS3.ENST00000342836.missense.107R/C	1	PRSS3	R107C	1	FINAAKIIC	ENST00000342836	1	HLA-A*02:01	9	None	1	0	16840.580	24785.870	21.000	32.000	NA	NA	NA	NA	0.534	Poor	Pending
chr17-27597373-27597374-C-T	1746.KSR1.ENST00000398988.missense.332S/F	1	KSR1	S332F	1	SSNPFSATT	ENST00000398988	5	HLA-A*02:01	5	None	1	0	17173.080	27309.070	21.000	36.000	NA	NA	NA	NA	0.519	Poor	Pending
chr3-52802390-52802391-G-A	519.ITIH3.ENST00000449956.missense.481E/K	1	ITIH3	E481K	1	MEYPKNAIL	ENST00000449956	1	HLA-A*02:01	5	None	1	0	17257.820	16681.170	21.000	21.000	NA	NA	NA	NA	0.274	Poor	Pending
chr1-186965584-186965585-C-T	105.PLA2G4A.ENST00000367466.missense.586P/S	1	PLA2G4A	P586S	1	PSFKELLLA	ENST00000367466	1	HLA-A*02:01	2	None	1	0	17347.869	31061.320	22.000	44.000	NA	NA	NA	NA	0.243	Poor	Pending
chr1-53878696-53878697-G-A	21.YIPF1.ENST00000072644.missense.74S/F	1	YIPF1	S74F	1	SFPFWTFEY	ENST00000072644	1	HLA-A*02:01	2	None	1	0	17350.689	18872.830	22.000	23.000	NA	NA	NA	NA	0.267	Poor	Pending
chr19-8961423-8961424-C-T	1810.MUC16.ENST00000397910.missense.5116E/K	1	MUC16	E5116K	1	KIFPSINTE	ENST00000397910	5	HLA-A*02:01	1	None	1	0	17391.850	30081.010	22.000	42.000	NA	NA	NA	NA	0.347	Poor	Pending
chr2-178769807-178769808-C-T	252.TTN.ENST00000446966.missense.2925E/K	1	TTN	E2925K	1	EMSKKFKIV	ENST00000446966	1	HLA-A*02:01	4	None	1	0	17955.539	9756.610	22.000	14.000	NA	NA	NA	NA	0.331	Poor	Pending
chr12-7695478-7695479-G-A	1425.GDF3.ENST00000329913.missense.84R/C	1	GDF3	R84C	1	VLCFLPDQG	ENST00000329913	1	HLA-A*02:01	3	None	1	0	18006.510	25504.070	22.000	33.000	NA	NA	NA	NA	0.379	Poor	Pending
chr3-3845220-3845221-G-A	423.LRRN1.ENST00000319331.missense.194E/K	1	LRRN1	E194K	1	STPNLKILM	ENST00000319331	1	HLA-A*02:01	6	None	1	0	18061.141	12720.060	22.000	17.000	NA	NA	NA	NA	0.344	Poor	Pending
chr18-49895110-49895111-C-T	1780.MYO5B.ENST00000285039.missense.959V/I	2	MYO5B	V959I	4	YTMEIERLK	ENST00000285039	1	HLA-A*02:01	5	None	2	0	18486.619	19008.910	23.000	24.000	NA	NA	NA	NA	0.300	Poor	Pending
chr19-51455672-51455673-C-T	1877.SIGLEC8.ENST00000321424.missense.266G/R	1	SIGLEC8	G266R	1	ALRNGSSLS	ENST00000321424	1	HLA-A*02:01	3	None	1	0	18740.570	14057.640	23.000	18.000	NA	NA	NA	NA	0.333	Poor	Pending
chr2-216141289-216141290-C-T	352.XRCC5.ENST00000392132.missense.483P/S	1	XRCC5	P483S	1	ISNPRFQRL	ENST00000392132	1	HLA-A*02:01	2	None	1	0	18758.221	26223.770	23.000	34.000	NA	NA	NA	NA	0.263	Poor	Pending
chr7-101036192-101036193-C-T	1041.MUC17.ENST00000306151.missense.1593L/F	1	MUC17	L1593F	1	ANTFSTTPI	ENST00000306151	1	HLA-A*02:01	4	None	1	0	18926.410	21256.790	23.000	27.000	NA	NA	NA	NA	0.313	Poor	Pending
chr10-54214036-54214037-C-T	1208.PCDH15.ENST00000320301.missense.333D/N	1	PCDH15	D333N	1	ILVGTPENY	ENST00000320301	1	HLA-A*02:01	8	None	1	0	19053.391	21421.640	24.000	27.000	NA	NA	NA	NA	0.652	Poor	Pending
chr12-100263824-100263825-C-T	1452.DEPDC4.ENST00000550587.missense.76E/K	1	DEPDC4	E76K	1	HSLQAQVKI	ENST00000550587	1	HLA-A*02:01	8	None	1	0	19096.109	13376.400	24.000	17.000	NA	NA	NA	NA	0.300	Poor	Pending
chr5-178153794-178153795-G-A	809.NHP2.ENST00000274606.missense.8P/L	1	NHP2	P8L	1	DLDGPEAQA	ENST00000274606	1	HLA-A*02:01	2	None	1	0	19371.430	41644.480	24.000	80.000	NA	NA	NA	NA	0.333	Poor	Pending
chr15-42166609-42166610-G-A	1586.VPS39.ENST00000348544.missense.531S/F	1	VPS39	S531F	1	QSKKANFPL	ENST00000348544	1	HLA-A*02:01	7	None	1	0	19378.350	31542.590	24.000	45.000	NA	NA	NA	NA	0.323	Poor	Pending
chr2-165155888-165155889-C-T	220.SCN3A.ENST00000283254.missense.349G/E	1	SCN3A	G349E	1	QCPEEYICV	ENST00000283254	1	HLA-A*02:01	5	None	1	0	19749.199	17354.820	25.000	22.000	NA	NA	NA	NA	0.254	Poor	Pending
chr15-34348571-34348572-C-T	1562.NUTM1.ENST00000333756.missense.207S/F	1	NUTM1	S207F	1	KIFKDVYEN	ENST00000333756	1	HLA-A*02:01	3	None	1	0	19850.520	32566.670	25.000	48.000	NA	NA	NA	NA	0.288	Poor	Pending
chr3-74285456-74285457-G-A	557.CNTN3.ENST00000263665.missense.851S/L	1	CNTN3	S851L	1	ELSSKMKVA	ENST00000263665	1	HLA-A*02:01	2	None	1	0	20287.840	39273.390	25.000	70.000	NA	NA	NA	NA	0.374	Poor	Pending
chr2-28840402-28840403-G-A	155.SPDYA.ENST00000334056.missense.262D/N	1	SPDYA	D262N	1	SQNSYNSLS	ENST00000334056	1	HLA-A*02:01	3	None	1	0	20823.590	20258.880	26.000	25.000	NA	NA	NA	NA	0.444	Poor	Pending
chr1-66682354-66682355-C-T	41.SGIP1.ENST00000371037.missense.434P/L	1	SGIP1	P434L	1	GLGTTSGAS	ENST00000371037	1	HLA-A*02:01	2	None	1	0	20958.070	44570.080	26.000	92.000	NA	NA	NA	NA	0.355	Poor	Pending
chr10-132153821-132153822-G-A	1265.JAKMIP3.ENST00000298622.missense.711E/K	1	JAKMIP3	E711K	1	KMVDLESKK	ENST00000298622	5	HLA-A*02:01	8	None	1	0	21254.721	16319.840	27.000	20.000	NA	NA	NA	NA	0.696	Poor	Pending
chr17-76008799-76008800-C-T	1765.EVPL.ENST00000586740.missense.1491E/K	1	EVPL	E1491K	1	IMEEVVKLK	ENST00000586740	1	HLA-A*02:01	9	None	1	0	21332.131	17400.320	27.000	22.000	NA	NA	NA	NA	0.500	Poor	Pending
chr19-8949519-8949520-C-T	1806.MUC16.ENST00000397910.missense.9084G/S	1	MUC16	G9084S	1	TTQTSSPGA	ENST00000397910	5	HLA-A*02:01	5	None	1	0	21801.609	21500.590	27.000	27.000	NA	NA	NA	NA	0.396	Poor	Pending
chr19-41756718-41756719-C-T	1863.CEACAM6.ENST00000199764.missense.62R/C	1	CEACAM6	R62C	1	NCIGYSWYK	ENST00000199764	1	HLA-A*02:01	2	None	1	0	22008.510	18430.890	28.000	23.000	NA	NA	NA	NA	0.385	Poor	Pending
chr11-118498049-118498050-G-A	1402.KMT2A.ENST00000534358.missense.1927A/T	2	KMT2A	A1927T	8	GSLKNVHMT	ENST00000534358	1	HLA-A*02:01	9	None	2	1	22048.070	11113.620	28.000	15.000	NA	NA	NA	NA	0.476	Poor	Pending
chr12-70596086-70596087-C-T	1443.PTPRB.ENST00000334414.missense.407G/E	1	PTPRB	G407E	1	SGEKRSFSV	ENST00000334414	1	HLA-A*02:01	3	None	1	0	22316.891	16753.880	28.000	21.000	NA	NA	NA	NA	0.182	Poor	Pending
chr16-70855214-70855215-G-A	1694.HYDIN.ENST00000393567.missense.4119S/F	1	HYDIN	S4119F	1	FFFQDNSRY	ENST00000393567	5	HLA-A*02:01	2	None	1	0	22709.539	25531.120	29.000	33.000	NA	NA	NA	NA	0.547	Poor	Pending
chr3-64647974-64647975-G-A	530.ADAMTS9.ENST00000498707.missense.559P/S	1	ADAMTS9	P559S	1	TSWADGTEC	ENST00000498707	1	HLA-A*02:01	2	None	1	0	23013.029	35685.280	29.000	57.000	NA	NA	NA	NA	0.285	Poor	Pending
chr16-71069352-71069353-C-T	1695.HYDIN.ENST00000288168.missense.647E/K	1	HYDIN	E647K	1	WTKKEISSM	ENST00000288168	1	HLA-A*02:01	4	None	1	0	23162.670	14483.140	29.000	19.000	NA	NA	NA	NA	0.274	Poor	Pending
chr6-28300808-28300809-C-T	827.PGBD1.ENST00000259883.missense.319P/S	1	PGBD1	P319S	1	HSGDLWARM	ENST00000259883	1	HLA-A*02:01	2	None	1	0	23429.600	30424.700	30.000	42.000	NA	NA	NA	NA	0.330	Poor	Pending
chr2-97760849-97760850-C-T	203.TMEM131.ENST00000186436.missense.1652G/S	1	TMEM131	G1652S	1	LTKAASLPS	ENST00000186436	5	HLA-A*02:01	9	None	1	0	24004.381	29105.460	31.000	40.000	NA	NA	NA	NA	0.463	Poor	Pending
chr1-248574734-248574735-G-A	153.OR2T34.ENST00000328782.missense.8S/F	1	OR2T34	S8F	1	NQTFQNQTA	ENST00000328782	NA	HLA-A*02:01	4	None	1	0	24162.029	27677.040	31.000	37.000	NA	NA	NA	NA	0.262	Poor	Pending
chr7-82915581-82915582-C-T	1030.PCLO.ENST00000437081.missense.856G/E	1	PCLO	G856E	1	RETESLDHL	ENST00000437081	1	HLA-A*02:01	2	None	1	0	24564.020	23551.600	31.000	30.000	NA	NA	NA	NA	0.312	Poor	Pending
chr2-97760848-97760849-C-T	198.TMEM131.ENST00000186436.missense.1652G/D	1	TMEM131	G1652D	1	SLPDKNGNP	ENST00000186436	5	HLA-A*02:01	4	None	1	0	24947.311	26922.970	32.000	35.000	NA	NA	NA	NA	0.468	Poor	Pending
chr19-41201322-41201323-C-T	1853.CYP2S1.ENST00000593890.missense.11H/Y	1	CYP2S1	H11Y	1	HYGRLYPPA	ENST00000593890	3	HLA-A*02:01	2	None	1	0	26256.711	35513.480	34.000	56.000	NA	NA	NA	NA	0.331	Poor	Pending
chr3-62512756-62512757-C-T	524.CADPS.ENST00000383710.missense.865D/N	1	CADPS	D865N	1	KIEENQKNA	ENST00000383710	1	HLA-A*02:01	8	None	1	0	27037.711	34917.580	36.000	55.000	NA	NA	NA	NA	0.286	Poor	Pending
chr16-30986520-30986521-C-T	1618.HSD3B7.ENST00000297679.missense.141P/S	1	HSD3B7	P141S	1	NTKGHSFYR	ENST00000297679	1	HLA-A*02:01	6	None	1	0	27108.891	28715.080	36.000	39.000	NA	NA	NA	NA	0.295	Poor	Pending
chr8-3998035-3998036-C-T	1098.CSMD1.ENST00000520002.missense.229E/K	1	CSMD1	E229K	1	FPSEYKNNA	ENST00000520002	5	HLA-A*02:01	6	None	1	0	27475.939	22401.310	36.000	28.000	NA	NA	NA	NA	0.889	Poor	Pending
chr3-155523934-155523935-C-T	649.PLCH1.ENST00000340059.missense.466D/N	1	PLCH1	D466N	1	SANEIEDEC	ENST00000340059	1	HLA-A*02:01	3	None	1	0	27497.939	26561.020	36.000	35.000	NA	NA	NA	NA	0.320	Poor	Pending
chr1-212872694-212872695-C-T	133.FLVCR1.ENST00000366971.missense.301R/W	1	FLVCR1	R301W	1	WYPPSQAQA	ENST00000366971	1	HLA-A*02:01	1	None	1	0	27660.881	30103.790	37.000	42.000	NA	NA	NA	NA	0.214	Poor	Pending
chr12-25158508-25158509-C-T	1428.DNAI7.ENST00000395987.missense.54R/Q	1	DNAI7	R54Q	1	MERLEIQQI	ENST00000395987	1	HLA-A*02:01	8	None	1	0	27989.330	31511.200	37.000	45.000	NA	NA	NA	NA	0.216	Poor	Pending
chr4-140390707-140390708-C-T	737.CLGN.ENST00000325617.missense.558E/K	1	CLGN	E558K	1	KKSEEEIEI	ENST00000325617	1	HLA-A*02:01	1	None	1	0	28077.600	39348.250	37.000	70.000	NA	NA	NA	NA	0.300	Poor	Pending
chr11-94088862-94088863-G-A	1399.HEPHL1.ENST00000315765.missense.730G/E	3	HEPHL1	G730E	1	QRYEMIRTF	ENST00000315765	5	HLA-A*02:01	4	None	3	0	28668.529	30534.500	39.000	43.000	NA	NA	NA	NA	0.097	Poor	Pending
chr11-134383810-134383811-G-A	1410.B3GAT1.ENST00000312527.missense.164P/S	1	B3GAT1	P164S	1	RISRGTMQR	ENST00000312527	1	HLA-A*02:01	3	None	1	0	29013.350	31725.710	39.000	45.000	NA	NA	NA	NA	0.455	Poor	Pending
chr14-39252834-39252835-C-T	1518.MIA2.ENST00000640607.missense.552S/L	1	MIA2	S552L	1	NLKPSVDTE	ENST00000640607	1	HLA-A*02:01	2	None	1	0	29450.439	42008.330	40.000	82.000	NA	NA	NA	NA	0.318	Poor	Pending
chr9-19346439-19346440-C-T	1163.DENND4C.ENST00000380427.missense.211S/F	1	DENND4C	S211F	1	DLKTVFKDL	ENST00000380427	2	HLA-A*02:01	6	None	1	0	29480.400	33532.810	40.000	50.000	NA	NA	NA	NA	0.300	Poor	Pending
chr10-121538659-121538660-C-T	1240.FGFR2.ENST00000457416.missense.227G/E	1	FGFR2	G227E	1	SDKENYTCV	ENST00000457416	1	HLA-A*02:01	4	None	1	0	30366.811	32824.550	42.000	48.000	NA	NA	NA	NA	0.673	Poor	Pending
chr7-140753335-140753336-A-T	1063.BRAF.ENST00000288602.missense.640V/E	1	BRAF	V640E	1	GLATEKSRW	ENST00000288602	1	HLA-A*02:01	5	None	1	0	30559.301	24170.660	43.000	31.000	NA	NA	NA	NA	0.316	Poor	Pending
chr6-46140177-46140178-G-A	922.ENPP4.ENST00000321037.missense.199D/N	1	ENPP4	D199N	1	YGPENKENM	ENST00000321037	1	HLA-A*02:01	5	None	1	0	30580.141	33686.990	43.000	51.000	NA	NA	NA	NA	0.536	Poor	Pending
chr1-219915741-219915742-C-T	144.SLC30A10.ENST00000366926.missense.389E/K	1	SLC30A10	E389K	1	KPLEQKDLL	ENST00000366926	1	HLA-A*02:01	1	None	1	0	30843.641	37307.980	43.000	63.000	NA	NA	NA	NA	0.297	Poor	Pending
chr17-12736279-12736280-C-T	1738.MYOCD.ENST00000425538.missense.179P/S	1	MYOCD	P179S	1	NSAGSSPDA	ENST00000425538	1	HLA-A*02:01	6	None	1	0	31211.920	32982.980	44.000	49.000	NA	NA	NA	NA	0.267	Poor	Pending
chr11-25078591-25078592-A-T	1319.LUZP2.ENST00000336930.missense.325K/N	1	LUZP2	K325N	1	CSECEVNKA	ENST00000336930	1	HLA-A*02:01	7	None	1	0	31353.730	36937.260	45.000	61.000	NA	NA	NA	NA	0.520	Poor	Pending
chrX-136687978-136687979-C-T	2234.ARHGEF6.ENST00000250617.missense.400D/N	1	ARHGEF6	D400N	1	NHQDILKAI	ENST00000250617	1	HLA-A*02:01	1	None	1	0	31543.260	37191.110	45.000	62.000	NA	NA	NA	NA	0.093	Poor	Pending
chr9-110137516-110137517-T-C	1177.PALM2AKAP2.ENST00000434623.missense.516L/S	1	PALM2AKAP2	L516S	1	RGPSSKLWA	ENST00000434623	1	HLA-A*02:01	4	None	1	0	31797.520	30085.240	46.000	42.000	NA	NA	NA	NA	0.380	Poor	Pending
chr1-89117102-89117103-C-T	64.GBP2.ENST00000370466.missense.253E/K	1	GBP2	E253K	1	QLKKEELNP	ENST00000370466	1	HLA-A*02:01	4	None	1	0	32341.590	27262.420	47.000	36.000	NA	NA	NA	NA	0.312	Poor	Pending
chr7-142915549-142915550-C-T	1083.TRPV5.ENST00000265310.missense.381E/K	1	TRPV5	E381K	1	LQEAYETRK	ENST00000265310	1	HLA-A*02:01	9	None	1	0	32641.801	36618.130	48.000	60.000	NA	NA	NA	NA	0.207	Poor	Pending
chr7-140601826-140601827-G-A	1052.DENND2A.ENST00000275884.missense.191P/S	1	DENND2A	P191S	1	TCYSPHCSP	ENST00000275884	1	HLA-A*02:01	8	None	1	0	32866.852	28885.230	48.000	39.000	NA	NA	NA	NA	0.380	Poor	Pending
chr6-118980151-118980152-C-T	947.FAM184A.ENST00000338891.missense.763E/K	1	FAM184A	E763K	1	FQTMEEEKK	ENST00000338891	1	HLA-A*02:01	9	None	1	0	33092.000	36160.240	49.000	59.000	NA	NA	NA	NA	0.300	Poor	Pending
chr4-373507-373508-T-A	694.ZNF141.ENST00000240499.missense.357H/Q	1	ZNF141	H357Q	1	RQSSKLNEQ	ENST00000240499	1	HLA-A*02:01	9	None	1	0	33504.879	33789.210	50.000	51.000	NA	NA	NA	NA	0.152	Poor	Pending
chr5-80438695-80438696-C-T	782.ZFYVE16.ENST00000338008.missense.671P/S	1	ZFYVE16	P671S	1	NKPDVSDTI	ENST00000338008	1	HLA-A*02:01	6	None	1	0	33616.711	35965.530	51.000	58.000	NA	NA	NA	NA	0.333	Poor	Pending
chr2-178747035-178747036-C-T	243.TTN.ENST00000360870.missense.5122G/R	1	TTN	G5122R	1	SIPTRGPNP	ENST00000360870	5	HLA-A*02:01	5	None	1	0	33766.922	31747.320	51.000	46.000	NA	NA	NA	NA	0.450	Poor	Pending
chr1-43164661-43164662-G-A	2.EBNA1BP2.ENST00000236051.missense.284P/L	1	EBNA1BP2	P284L	1	RLGKKGSNK	ENST00000236051	1	HLA-A*02:01	2	None	1	0	33932.461	44457.860	52.000	92.000	NA	NA	NA	NA	0.299	Poor	Pending
chr4-373509-373510-A-G	697.ZNF141.ENST00000240499.missense.358K/R	1	ZNF141	K358R	1	KLNEHRKVH	ENST00000240499	1	HLA-A*02:01	6	None	1	0	34124.660	35545.760	52.000	57.000	NA	NA	NA	NA	0.182	Poor	Pending
chr3-128978068-128978069-C-T	634.CFAP92.ENST00000265068.missense.262E/K	1	CFAP92	E262K	1	KTKKHPKSL	ENST00000265068	1	HLA-A*02:01	3	None	1	0	34370.699	29513.280	53.000	40.000	NA	NA	NA	NA	0.269	Poor	Pending
chr12-124346624-124346625-A-G	1475.NCOR2.ENST00000405201.missense.1433L/P	1	NCOR2	L1433P	1	EEPRHTPEL	ENST00000405201	1	HLA-A*02:01	3	None	1	0	34679.250	30078.080	54.000	42.000	NA	NA	NA	NA	0.333	Poor	Pending
chr6-136278393-136278394-C-T	966.BCLAF1.ENST00000531224.missense.163E/K	1	BCLAF1	E163K	1	SQKKQTKKA	ENST00000531224	1	HLA-A*02:01	3	None	1	0	37745.680	36866.580	64.000	61.000	NA	NA	NA	NA	0.126	Poor	Pending
chr1-44760422-44760423-G-A	11.KIF2C.ENST00000372224.missense.504S/N	1	KIF2C	S504N	1	SNADRQTRM	ENST00000372224	1	HLA-A*02:01	2	None	1	0	37804.949	29295.030	64.000	40.000	NA	NA	NA	NA	0.282	Poor	Pending
chr3-405651-405652-G-A	419.CHL1.ENST00000256509.missense.1206E/K	1	CHL1	E1206K	1	IGAYAGSKK	ENST00000256509	1	HLA-A*02:01	9	None	1	0	37809.441	38800.750	64.000	68.000	NA	NA	NA	NA	0.327	Poor	Pending
chr1-152154786-152154787-C-T	97.RPTN.ENST00000316073.missense.771R/Q	1	RPTN	R771Q	1	RQDRQTHED	ENST00000316073	1	HLA-A*02:01	2	None	1	0	38342.109	45797.590	66.000	96.000	NA	NA	NA	NA	0.372	Poor	Pending
chrX-83874484-83874485-G-A	2200.CYLC1.ENST00000329312.missense.593E/K	1	CYLC1	E593K	1	TTFNEKGKK	ENST00000329312	1	HLA-A*02:01	8	None	1	0	38589.340	36175.490	67.000	59.000	NA	NA	NA	NA	0.929	Poor	Pending
chr1-43164662-43164663-G-A	6.EBNA1BP2.ENST00000236051.missense.284P/S	1	EBNA1BP2	P284S	1	RGLKRSGKK	ENST00000236051	1	HLA-A*02:01	6	None	1	0	41012.648	42543.960	77.000	84.000	NA	NA	NA	NA	0.310	Poor	Pending
chr8-138762465-138762466-C-T	1160.COL22A1.ENST00000303045.missense.602G/R	1	COL22A1	G602R	1	RGEKRERGL	ENST00000303045	1	HLA-A*02:01	5	None	1	0	41354.871	38988.880	79.000	69.000	NA	NA	NA	NA	0.771	Poor	Pending
chr14-88185680-88185681-C-T	1550.KCNK10.ENST00000312350.missense.496E/K	1	KCNK10	E496K	1	KKMCNSDNS	ENST00000312350	1	HLA-A*02:01	1	None	1	0	42075.648	44367.530	82.000	91.000	NA	NA	NA	NA	0.392	Poor	Pending
chrX-27981029-27981030-T-C	2197.DCAF8L1.ENST00000441525.missense.102E/G	1	DCAF8L1	E102G	1	EREGEEEEM	ENST00000441525	NA	HLA-A*02:01	4	None	1	0	44435.250	44028.480	92.000	90.000	NA	NA	NA	NA	0.667	Poor	Pending
chr2-237540478-237540479-G-T	370.MLPH.ENST00000264605.missense.412K/N	1	MLPH	K412N	1	EAKDENAEP	ENST00000264605	1	HLA-A*02:01	6	None	1	0	44669.039	46362.450	93.000	98.000	NA	NA	NA	NA	0.516	Poor	Pending
